step_idx,phase,layer_name,comm_type,comm_size,time_sec,cum_pct,tp,pp,ep,dp,group_name,group_size,concurrent_send_peers,per_step_chunk_bytes,total_rounds
0,fwd,grad_norm,ALLGATHER,4779393024,0.089023,5.3226,8,2,1,4,DP,4,1,1194848256,3
1,fwd,attention_column,ALLGATHER,58720256,0.001094,5.3880,8,2,1,4,TP,8,1,7340032,7
2,fwd,attention_row,REDUCESCATTER,58720256,0.001094,5.4534,8,2,1,4,TP,8,1,7340032,7
3,fwd,mlp_column,ALLGATHER,58720256,0.001094,5.5188,8,2,1,4,TP,8,1,7340032,7
4,fwd,mlp_row,REDUCESCATTER,58720256,0.001094,5.5842,8,2,1,4,TP,8,1,7340032,7
5,fwd,attention_column,ALLGATHER,58720256,0.001094,5.6496,8,2,1,4,TP,8,1,7340032,7
6,fwd,attention_row,REDUCESCATTER,58720256,0.001094,5.7150,8,2,1,4,TP,8,1,7340032,7
7,fwd,mlp_column,ALLGATHER,58720256,0.001094,5.7804,8,2,1,4,TP,8,1,7340032,7
8,fwd,mlp_row,REDUCESCATTER,58720256,0.001094,5.8458,8,2,1,4,TP,8,1,7340032,7
9,fwd,attention_column,ALLGATHER,58720256,0.001094,5.9112,8,2,1,4,TP,8,1,7340032,7
10,fwd,attention_row,REDUCESCATTER,58720256,0.001094,5.9766,8,2,1,4,TP,8,1,7340032,7
11,fwd,mlp_column,ALLGATHER,58720256,0.001094,6.0420,8,2,1,4,TP,8,1,7340032,7
12,fwd,mlp_row,REDUCESCATTER,58720256,0.001094,6.1074,8,2,1,4,TP,8,1,7340032,7
13,fwd,attention_column,ALLGATHER,58720256,0.001094,6.1728,8,2,1,4,TP,8,1,7340032,7
14,fwd,attention_row,REDUCESCATTER,58720256,0.001094,6.2382,8,2,1,4,TP,8,1,7340032,7
15,fwd,mlp_column,ALLGATHER,58720256,0.001094,6.3035,8,2,1,4,TP,8,1,7340032,7
16,fwd,mlp_row,REDUCESCATTER,58720256,0.001094,6.3689,8,2,1,4,TP,8,1,7340032,7
17,fwd,attention_column,ALLGATHER,58720256,0.001094,6.4343,8,2,1,4,TP,8,1,7340032,7
18,fwd,attention_row,REDUCESCATTER,58720256,0.001094,6.4997,8,2,1,4,TP,8,1,7340032,7
19,fwd,mlp_column,ALLGATHER,58720256,0.001094,6.5651,8,2,1,4,TP,8,1,7340032,7
20,fwd,mlp_row,REDUCESCATTER,58720256,0.001094,6.6305,8,2,1,4,TP,8,1,7340032,7
21,fwd,attention_column,ALLGATHER,58720256,0.001094,6.6959,8,2,1,4,TP,8,1,7340032,7
22,fwd,attention_row,REDUCESCATTER,58720256,0.001094,6.7613,8,2,1,4,TP,8,1,7340032,7
23,fwd,mlp_column,ALLGATHER,58720256,0.001094,6.8267,8,2,1,4,TP,8,1,7340032,7
24,fwd,mlp_row,REDUCESCATTER,58720256,0.001094,6.8921,8,2,1,4,TP,8,1,7340032,7
25,fwd,attention_column,ALLGATHER,58720256,0.001094,6.9575,8,2,1,4,TP,8,1,7340032,7
26,fwd,attention_row,REDUCESCATTER,58720256,0.001094,7.0229,8,2,1,4,TP,8,1,7340032,7
27,fwd,mlp_column,ALLGATHER,58720256,0.001094,7.0883,8,2,1,4,TP,8,1,7340032,7
28,fwd,mlp_row,REDUCESCATTER,58720256,0.001094,7.1537,8,2,1,4,TP,8,1,7340032,7
29,fwd,attention_column,ALLGATHER,58720256,0.001094,7.2191,8,2,1,4,TP,8,1,7340032,7
30,fwd,attention_row,REDUCESCATTER,58720256,0.001094,7.2845,8,2,1,4,TP,8,1,7340032,7
31,fwd,mlp_column,ALLGATHER,58720256,0.001094,7.3499,8,2,1,4,TP,8,1,7340032,7
32,fwd,mlp_row,REDUCESCATTER,58720256,0.001094,7.4153,8,2,1,4,TP,8,1,7340032,7
33,fwd,attention_column,ALLGATHER,58720256,0.001094,7.4807,8,2,1,4,TP,8,1,7340032,7
34,fwd,attention_row,REDUCESCATTER,58720256,0.001094,7.5460,8,2,1,4,TP,8,1,7340032,7
35,fwd,mlp_column,ALLGATHER,58720256,0.001094,7.6114,8,2,1,4,TP,8,1,7340032,7
36,fwd,mlp_row,REDUCESCATTER,58720256,0.001094,7.6768,8,2,1,4,TP,8,1,7340032,7
37,fwd,attention_column,ALLGATHER,58720256,0.001094,7.7422,8,2,1,4,TP,8,1,7340032,7
38,fwd,attention_row,REDUCESCATTER,58720256,0.001094,7.8076,8,2,1,4,TP,8,1,7340032,7
39,fwd,mlp_column,ALLGATHER,58720256,0.001094,7.8730,8,2,1,4,TP,8,1,7340032,7
40,fwd,mlp_row,REDUCESCATTER,58720256,0.001094,7.9384,8,2,1,4,TP,8,1,7340032,7
41,fwd,attention_column,ALLGATHER,58720256,0.001094,8.0038,8,2,1,4,TP,8,1,7340032,7
42,fwd,attention_row,REDUCESCATTER,58720256,0.001094,8.0692,8,2,1,4,TP,8,1,7340032,7
43,fwd,mlp_column,ALLGATHER,58720256,0.001094,8.1346,8,2,1,4,TP,8,1,7340032,7
44,fwd,mlp_row,REDUCESCATTER,58720256,0.001094,8.2000,8,2,1,4,TP,8,1,7340032,7
45,fwd,attention_column,ALLGATHER,58720256,0.001094,8.2654,8,2,1,4,TP,8,1,7340032,7
46,fwd,attention_row,REDUCESCATTER,58720256,0.001094,8.3308,8,2,1,4,TP,8,1,7340032,7
47,fwd,mlp_column,ALLGATHER,58720256,0.001094,8.3962,8,2,1,4,TP,8,1,7340032,7
48,fwd,mlp_row,REDUCESCATTER,58720256,0.001094,8.4616,8,2,1,4,TP,8,1,7340032,7
49,fwd,attention_column,ALLGATHER,58720256,0.001094,8.5270,8,2,1,4,TP,8,1,7340032,7
50,fwd,attention_row,REDUCESCATTER,58720256,0.001094,8.5924,8,2,1,4,TP,8,1,7340032,7
51,fwd,mlp_column,ALLGATHER,58720256,0.001094,8.6578,8,2,1,4,TP,8,1,7340032,7
52,fwd,mlp_row,REDUCESCATTER,58720256,0.001094,8.7231,8,2,1,4,TP,8,1,7340032,7
53,fwd,attention_column,ALLGATHER,58720256,0.001094,8.7885,8,2,1,4,TP,8,1,7340032,7
54,fwd,attention_row,REDUCESCATTER,58720256,0.001094,8.8539,8,2,1,4,TP,8,1,7340032,7
55,fwd,mlp_column,ALLGATHER,58720256,0.001094,8.9193,8,2,1,4,TP,8,1,7340032,7
56,fwd,mlp_row,REDUCESCATTER,58720256,0.001094,8.9847,8,2,1,4,TP,8,1,7340032,7
57,fwd,attention_column,ALLGATHER,58720256,0.001094,9.0501,8,2,1,4,TP,8,1,7340032,7
58,fwd,attention_row,REDUCESCATTER,58720256,0.001094,9.1155,8,2,1,4,TP,8,1,7340032,7
59,fwd,mlp_column,ALLGATHER,58720256,0.001094,9.1809,8,2,1,4,TP,8,1,7340032,7
60,fwd,mlp_row,REDUCESCATTER,58720256,0.001094,9.2463,8,2,1,4,TP,8,1,7340032,7
61,fwd,attention_column,ALLGATHER,58720256,0.001094,9.3117,8,2,1,4,TP,8,1,7340032,7
62,fwd,attention_row,REDUCESCATTER,58720256,0.001094,9.3771,8,2,1,4,TP,8,1,7340032,7
63,fwd,mlp_column,ALLGATHER,58720256,0.001094,9.4425,8,2,1,4,TP,8,1,7340032,7
64,fwd,mlp_row,REDUCESCATTER,58720256,0.001094,9.5079,8,2,1,4,TP,8,1,7340032,7
65,fwd,attention_column,ALLGATHER,58720256,0.001094,9.5733,8,2,1,4,TP,8,1,7340032,7
66,fwd,attention_row,REDUCESCATTER,58720256,0.001094,9.6387,8,2,1,4,TP,8,1,7340032,7
67,fwd,mlp_column,ALLGATHER,58720256,0.001094,9.7041,8,2,1,4,TP,8,1,7340032,7
68,fwd,mlp_row,REDUCESCATTER,58720256,0.001094,9.7695,8,2,1,4,TP,8,1,7340032,7
69,fwd,attention_column,ALLGATHER,58720256,0.001094,9.8349,8,2,1,4,TP,8,1,7340032,7
70,fwd,attention_row,REDUCESCATTER,58720256,0.001094,9.9002,8,2,1,4,TP,8,1,7340032,7
71,fwd,mlp_column,ALLGATHER,58720256,0.001094,9.9656,8,2,1,4,TP,8,1,7340032,7
72,fwd,mlp_row,REDUCESCATTER,58720256,0.001094,10.0310,8,2,1,4,TP,8,1,7340032,7
73,fwd,attention_column,ALLGATHER,58720256,0.001094,10.0964,8,2,1,4,TP,8,1,7340032,7
74,fwd,attention_row,REDUCESCATTER,58720256,0.001094,10.1618,8,2,1,4,TP,8,1,7340032,7
75,fwd,mlp_column,ALLGATHER,58720256,0.001094,10.2272,8,2,1,4,TP,8,1,7340032,7
76,fwd,mlp_row,REDUCESCATTER,58720256,0.001094,10.2926,8,2,1,4,TP,8,1,7340032,7
77,fwd,attention_column,ALLGATHER,58720256,0.001094,10.3580,8,2,1,4,TP,8,1,7340032,7
78,fwd,attention_row,REDUCESCATTER,58720256,0.001094,10.4234,8,2,1,4,TP,8,1,7340032,7
79,fwd,mlp_column,ALLGATHER,58720256,0.001094,10.4888,8,2,1,4,TP,8,1,7340032,7
80,fwd,mlp_row,REDUCESCATTER,58720256,0.001094,10.5542,8,2,1,4,TP,8,1,7340032,7
81,fwd,attention_column,ALLGATHER,58720256,0.001094,10.6196,8,2,1,4,TP,8,1,7340032,7
82,fwd,attention_row,REDUCESCATTER,58720256,0.001094,10.6850,8,2,1,4,TP,8,1,7340032,7
83,fwd,mlp_column,ALLGATHER,58720256,0.001094,10.7504,8,2,1,4,TP,8,1,7340032,7
84,fwd,mlp_row,REDUCESCATTER,58720256,0.001094,10.8158,8,2,1,4,TP,8,1,7340032,7
85,fwd,attention_column,ALLGATHER,58720256,0.001094,10.8812,8,2,1,4,TP,8,1,7340032,7
86,fwd,attention_row,REDUCESCATTER,58720256,0.001094,10.9466,8,2,1,4,TP,8,1,7340032,7
87,fwd,mlp_column,ALLGATHER,58720256,0.001094,11.0120,8,2,1,4,TP,8,1,7340032,7
88,fwd,mlp_row,REDUCESCATTER,58720256,0.001094,11.0774,8,2,1,4,TP,8,1,7340032,7
89,fwd,attention_column,ALLGATHER,58720256,0.001094,11.1427,8,2,1,4,TP,8,1,7340032,7
90,fwd,attention_row,REDUCESCATTER,58720256,0.001094,11.2081,8,2,1,4,TP,8,1,7340032,7
91,fwd,mlp_column,ALLGATHER,58720256,0.001094,11.2735,8,2,1,4,TP,8,1,7340032,7
92,fwd,mlp_row,REDUCESCATTER,58720256,0.001094,11.3389,8,2,1,4,TP,8,1,7340032,7
93,fwd,attention_column,ALLGATHER,58720256,0.001094,11.4043,8,2,1,4,TP,8,1,7340032,7
94,fwd,attention_row,REDUCESCATTER,58720256,0.001094,11.4697,8,2,1,4,TP,8,1,7340032,7
95,fwd,mlp_column,ALLGATHER,58720256,0.001094,11.5351,8,2,1,4,TP,8,1,7340032,7
96,fwd,mlp_row,REDUCESCATTER,58720256,0.001094,11.6005,8,2,1,4,TP,8,1,7340032,7
97,fwd,attention_column,ALLGATHER,58720256,0.001094,11.6659,8,2,1,4,TP,8,1,7340032,7
98,fwd,attention_row,REDUCESCATTER,58720256,0.001094,11.7313,8,2,1,4,TP,8,1,7340032,7
99,fwd,mlp_column,ALLGATHER,58720256,0.001094,11.7967,8,2,1,4,TP,8,1,7340032,7
100,fwd,mlp_row,REDUCESCATTER,58720256,0.001094,11.8621,8,2,1,4,TP,8,1,7340032,7
101,fwd,attention_column,ALLGATHER,58720256,0.001094,11.9275,8,2,1,4,TP,8,1,7340032,7
102,fwd,attention_row,REDUCESCATTER,58720256,0.001094,11.9929,8,2,1,4,TP,8,1,7340032,7
103,fwd,mlp_column,ALLGATHER,58720256,0.001094,12.0583,8,2,1,4,TP,8,1,7340032,7
104,fwd,mlp_row,REDUCESCATTER,58720256,0.001094,12.1237,8,2,1,4,TP,8,1,7340032,7
105,fwd,attention_column,ALLGATHER,58720256,0.001094,12.1891,8,2,1,4,TP,8,1,7340032,7
106,fwd,attention_row,REDUCESCATTER,58720256,0.001094,12.2545,8,2,1,4,TP,8,1,7340032,7
107,fwd,mlp_column,ALLGATHER,58720256,0.001094,12.3198,8,2,1,4,TP,8,1,7340032,7
108,fwd,mlp_row,REDUCESCATTER,58720256,0.001094,12.3852,8,2,1,4,TP,8,1,7340032,7
109,fwd,attention_column,ALLGATHER,58720256,0.001094,12.4506,8,2,1,4,TP,8,1,7340032,7
110,fwd,attention_row,REDUCESCATTER,58720256,0.001094,12.5160,8,2,1,4,TP,8,1,7340032,7
111,fwd,mlp_column,ALLGATHER,58720256,0.001094,12.5814,8,2,1,4,TP,8,1,7340032,7
112,fwd,mlp_row,REDUCESCATTER,58720256,0.001094,12.6468,8,2,1,4,TP,8,1,7340032,7
113,fwd,attention_column,ALLGATHER,58720256,0.001094,12.7122,8,2,1,4,TP,8,1,7340032,7
114,fwd,attention_row,REDUCESCATTER,58720256,0.001094,12.7776,8,2,1,4,TP,8,1,7340032,7
115,fwd,mlp_column,ALLGATHER,58720256,0.001094,12.8430,8,2,1,4,TP,8,1,7340032,7
116,fwd,mlp_row,REDUCESCATTER,58720256,0.001094,12.9084,8,2,1,4,TP,8,1,7340032,7
117,fwd,attention_column,ALLGATHER,58720256,0.001094,12.9738,8,2,1,4,TP,8,1,7340032,7
118,fwd,attention_row,REDUCESCATTER,58720256,0.001094,13.0392,8,2,1,4,TP,8,1,7340032,7
119,fwd,mlp_column,ALLGATHER,58720256,0.001094,13.1046,8,2,1,4,TP,8,1,7340032,7
120,fwd,mlp_row,REDUCESCATTER,58720256,0.001094,13.1700,8,2,1,4,TP,8,1,7340032,7
121,fwd,attention_column,ALLGATHER,58720256,0.001094,13.2354,8,2,1,4,TP,8,1,7340032,7
122,fwd,attention_row,REDUCESCATTER,58720256,0.001094,13.3008,8,2,1,4,TP,8,1,7340032,7
123,fwd,mlp_column,ALLGATHER,58720256,0.001094,13.3662,8,2,1,4,TP,8,1,7340032,7
124,fwd,mlp_row,REDUCESCATTER,58720256,0.001094,13.4316,8,2,1,4,TP,8,1,7340032,7
125,fwd,attention_column,ALLGATHER,58720256,0.001094,13.4969,8,2,1,4,TP,8,1,7340032,7
126,fwd,attention_row,REDUCESCATTER,58720256,0.001094,13.5623,8,2,1,4,TP,8,1,7340032,7
127,fwd,mlp_column,ALLGATHER,58720256,0.001094,13.6277,8,2,1,4,TP,8,1,7340032,7
128,fwd,mlp_row,REDUCESCATTER,58720256,0.001094,13.6931,8,2,1,4,TP,8,1,7340032,7
129,fwd,attention_column,ALLGATHER,58720256,0.001094,13.7585,8,2,1,4,TP,8,1,7340032,7
130,fwd,attention_row,REDUCESCATTER,58720256,0.001094,13.8239,8,2,1,4,TP,8,1,7340032,7
131,fwd,mlp_column,ALLGATHER,58720256,0.001094,13.8893,8,2,1,4,TP,8,1,7340032,7
132,fwd,mlp_row,REDUCESCATTER,58720256,0.001094,13.9547,8,2,1,4,TP,8,1,7340032,7
133,fwd,attention_column,ALLGATHER,58720256,0.001094,14.0201,8,2,1,4,TP,8,1,7340032,7
134,fwd,attention_row,REDUCESCATTER,58720256,0.001094,14.0855,8,2,1,4,TP,8,1,7340032,7
135,fwd,mlp_column,ALLGATHER,58720256,0.001094,14.1509,8,2,1,4,TP,8,1,7340032,7
136,fwd,mlp_row,REDUCESCATTER,58720256,0.001094,14.2163,8,2,1,4,TP,8,1,7340032,7
137,fwd,attention_column,ALLGATHER,58720256,0.001094,14.2817,8,2,1,4,TP,8,1,7340032,7
138,fwd,attention_row,REDUCESCATTER,58720256,0.001094,14.3471,8,2,1,4,TP,8,1,7340032,7
139,fwd,mlp_column,ALLGATHER,58720256,0.001094,14.4125,8,2,1,4,TP,8,1,7340032,7
140,fwd,mlp_row,REDUCESCATTER,58720256,0.001094,14.4779,8,2,1,4,TP,8,1,7340032,7
141,fwd,attention_column,ALLGATHER,58720256,0.001094,14.5433,8,2,1,4,TP,8,1,7340032,7
142,fwd,attention_row,REDUCESCATTER,58720256,0.001094,14.6087,8,2,1,4,TP,8,1,7340032,7
143,fwd,mlp_column,ALLGATHER,58720256,0.001094,14.6741,8,2,1,4,TP,8,1,7340032,7
144,fwd,mlp_row,REDUCESCATTER,58720256,0.001094,14.7394,8,2,1,4,TP,8,1,7340032,7
145,fwd,final_column,ALLGATHER,58720256,0.001094,14.8048,8,2,1,4,TP,8,1,7340032,7
146,fwd,embedding_norm,ALLREDUCE,458752000,0.017090,15.8266,8,2,1,4,UNKNOWN,8,1,57344000,14
147,fwd,attention_column,ALLGATHER,58720256,0.001094,15.8920,8,2,1,4,TP,8,1,7340032,7
148,fwd,attention_row,REDUCESCATTER,58720256,0.001094,15.9574,8,2,1,4,TP,8,1,7340032,7
149,fwd,mlp_column,ALLGATHER,58720256,0.001094,16.0228,8,2,1,4,TP,8,1,7340032,7
150,fwd,mlp_row,REDUCESCATTER,58720256,0.001094,16.0882,8,2,1,4,TP,8,1,7340032,7
151,fwd,attention_column,ALLGATHER,58720256,0.001094,16.1536,8,2,1,4,TP,8,1,7340032,7
152,fwd,attention_row,REDUCESCATTER,58720256,0.001094,16.2190,8,2,1,4,TP,8,1,7340032,7
153,fwd,mlp_column,ALLGATHER,58720256,0.001094,16.2844,8,2,1,4,TP,8,1,7340032,7
154,fwd,mlp_row,REDUCESCATTER,58720256,0.001094,16.3498,8,2,1,4,TP,8,1,7340032,7
155,fwd,attention_column,ALLGATHER,58720256,0.001094,16.4152,8,2,1,4,TP,8,1,7340032,7
156,fwd,attention_row,REDUCESCATTER,58720256,0.001094,16.4806,8,2,1,4,TP,8,1,7340032,7
157,fwd,mlp_column,ALLGATHER,58720256,0.001094,16.5460,8,2,1,4,TP,8,1,7340032,7
158,fwd,mlp_row,REDUCESCATTER,58720256,0.001094,16.6114,8,2,1,4,TP,8,1,7340032,7
159,fwd,attention_column,ALLGATHER,58720256,0.001094,16.6768,8,2,1,4,TP,8,1,7340032,7
160,fwd,attention_row,REDUCESCATTER,58720256,0.001094,16.7422,8,2,1,4,TP,8,1,7340032,7
161,fwd,mlp_column,ALLGATHER,58720256,0.001094,16.8075,8,2,1,4,TP,8,1,7340032,7
162,fwd,mlp_row,REDUCESCATTER,58720256,0.001094,16.8729,8,2,1,4,TP,8,1,7340032,7
163,fwd,attention_column,ALLGATHER,58720256,0.001094,16.9383,8,2,1,4,TP,8,1,7340032,7
164,fwd,attention_row,REDUCESCATTER,58720256,0.001094,17.0037,8,2,1,4,TP,8,1,7340032,7
165,fwd,mlp_column,ALLGATHER,58720256,0.001094,17.0691,8,2,1,4,TP,8,1,7340032,7
166,fwd,mlp_row,REDUCESCATTER,58720256,0.001094,17.1345,8,2,1,4,TP,8,1,7340032,7
167,fwd,attention_column,ALLGATHER,58720256,0.001094,17.1999,8,2,1,4,TP,8,1,7340032,7
168,fwd,attention_row,REDUCESCATTER,58720256,0.001094,17.2653,8,2,1,4,TP,8,1,7340032,7
169,fwd,mlp_column,ALLGATHER,58720256,0.001094,17.3307,8,2,1,4,TP,8,1,7340032,7
170,fwd,mlp_row,REDUCESCATTER,58720256,0.001094,17.3961,8,2,1,4,TP,8,1,7340032,7
171,fwd,attention_column,ALLGATHER,58720256,0.001094,17.4615,8,2,1,4,TP,8,1,7340032,7
172,fwd,attention_row,REDUCESCATTER,58720256,0.001094,17.5269,8,2,1,4,TP,8,1,7340032,7
173,fwd,mlp_column,ALLGATHER,58720256,0.001094,17.5923,8,2,1,4,TP,8,1,7340032,7
174,fwd,mlp_row,REDUCESCATTER,58720256,0.001094,17.6577,8,2,1,4,TP,8,1,7340032,7
175,fwd,attention_column,ALLGATHER,58720256,0.001094,17.7231,8,2,1,4,TP,8,1,7340032,7
176,fwd,attention_row,REDUCESCATTER,58720256,0.001094,17.7885,8,2,1,4,TP,8,1,7340032,7
177,fwd,mlp_column,ALLGATHER,58720256,0.001094,17.8539,8,2,1,4,TP,8,1,7340032,7
178,fwd,mlp_row,REDUCESCATTER,58720256,0.001094,17.9193,8,2,1,4,TP,8,1,7340032,7
179,fwd,attention_column,ALLGATHER,58720256,0.001094,17.9847,8,2,1,4,TP,8,1,7340032,7
180,fwd,attention_row,REDUCESCATTER,58720256,0.001094,18.0500,8,2,1,4,TP,8,1,7340032,7
181,fwd,mlp_column,ALLGATHER,58720256,0.001094,18.1154,8,2,1,4,TP,8,1,7340032,7
182,fwd,mlp_row,REDUCESCATTER,58720256,0.001094,18.1808,8,2,1,4,TP,8,1,7340032,7
183,fwd,attention_column,ALLGATHER,58720256,0.001094,18.2462,8,2,1,4,TP,8,1,7340032,7
184,fwd,attention_row,REDUCESCATTER,58720256,0.001094,18.3116,8,2,1,4,TP,8,1,7340032,7
185,fwd,mlp_column,ALLGATHER,58720256,0.001094,18.3770,8,2,1,4,TP,8,1,7340032,7
186,fwd,mlp_row,REDUCESCATTER,58720256,0.001094,18.4424,8,2,1,4,TP,8,1,7340032,7
187,fwd,attention_column,ALLGATHER,58720256,0.001094,18.5078,8,2,1,4,TP,8,1,7340032,7
188,fwd,attention_row,REDUCESCATTER,58720256,0.001094,18.5732,8,2,1,4,TP,8,1,7340032,7
189,fwd,mlp_column,ALLGATHER,58720256,0.001094,18.6386,8,2,1,4,TP,8,1,7340032,7
190,fwd,mlp_row,REDUCESCATTER,58720256,0.001094,18.7040,8,2,1,4,TP,8,1,7340032,7
191,fwd,attention_column,ALLGATHER,58720256,0.001094,18.7694,8,2,1,4,TP,8,1,7340032,7
192,fwd,attention_row,REDUCESCATTER,58720256,0.001094,18.8348,8,2,1,4,TP,8,1,7340032,7
193,fwd,mlp_column,ALLGATHER,58720256,0.001094,18.9002,8,2,1,4,TP,8,1,7340032,7
194,fwd,mlp_row,REDUCESCATTER,58720256,0.001094,18.9656,8,2,1,4,TP,8,1,7340032,7
195,fwd,attention_column,ALLGATHER,58720256,0.001094,19.0310,8,2,1,4,TP,8,1,7340032,7
196,fwd,attention_row,REDUCESCATTER,58720256,0.001094,19.0964,8,2,1,4,TP,8,1,7340032,7
197,fwd,mlp_column,ALLGATHER,58720256,0.001094,19.1618,8,2,1,4,TP,8,1,7340032,7
198,fwd,mlp_row,REDUCESCATTER,58720256,0.001094,19.2271,8,2,1,4,TP,8,1,7340032,7
199,fwd,attention_column,ALLGATHER,58720256,0.001094,19.2925,8,2,1,4,TP,8,1,7340032,7
200,fwd,attention_row,REDUCESCATTER,58720256,0.001094,19.3579,8,2,1,4,TP,8,1,7340032,7
201,fwd,mlp_column,ALLGATHER,58720256,0.001094,19.4233,8,2,1,4,TP,8,1,7340032,7
202,fwd,mlp_row,REDUCESCATTER,58720256,0.001094,19.4887,8,2,1,4,TP,8,1,7340032,7
203,fwd,attention_column,ALLGATHER,58720256,0.001094,19.5541,8,2,1,4,TP,8,1,7340032,7
204,fwd,attention_row,REDUCESCATTER,58720256,0.001094,19.6195,8,2,1,4,TP,8,1,7340032,7
205,fwd,mlp_column,ALLGATHER,58720256,0.001094,19.6849,8,2,1,4,TP,8,1,7340032,7
206,fwd,mlp_row,REDUCESCATTER,58720256,0.001094,19.7503,8,2,1,4,TP,8,1,7340032,7
207,fwd,attention_column,ALLGATHER,58720256,0.001094,19.8157,8,2,1,4,TP,8,1,7340032,7
208,fwd,attention_row,REDUCESCATTER,58720256,0.001094,19.8811,8,2,1,4,TP,8,1,7340032,7
209,fwd,mlp_column,ALLGATHER,58720256,0.001094,19.9465,8,2,1,4,TP,8,1,7340032,7
210,fwd,mlp_row,REDUCESCATTER,58720256,0.001094,20.0119,8,2,1,4,TP,8,1,7340032,7
211,fwd,attention_column,ALLGATHER,58720256,0.001094,20.0773,8,2,1,4,TP,8,1,7340032,7
212,fwd,attention_row,REDUCESCATTER,58720256,0.001094,20.1427,8,2,1,4,TP,8,1,7340032,7
213,fwd,mlp_column,ALLGATHER,58720256,0.001094,20.2081,8,2,1,4,TP,8,1,7340032,7
214,fwd,mlp_row,REDUCESCATTER,58720256,0.001094,20.2735,8,2,1,4,TP,8,1,7340032,7
215,fwd,attention_column,ALLGATHER,58720256,0.001094,20.3389,8,2,1,4,TP,8,1,7340032,7
216,fwd,attention_row,REDUCESCATTER,58720256,0.001094,20.4042,8,2,1,4,TP,8,1,7340032,7
217,fwd,mlp_column,ALLGATHER,58720256,0.001094,20.4696,8,2,1,4,TP,8,1,7340032,7
218,fwd,mlp_row,REDUCESCATTER,58720256,0.001094,20.5350,8,2,1,4,TP,8,1,7340032,7
219,fwd,attention_column,ALLGATHER,58720256,0.001094,20.6004,8,2,1,4,TP,8,1,7340032,7
220,fwd,attention_row,REDUCESCATTER,58720256,0.001094,20.6658,8,2,1,4,TP,8,1,7340032,7
221,fwd,mlp_column,ALLGATHER,58720256,0.001094,20.7312,8,2,1,4,TP,8,1,7340032,7
222,fwd,mlp_row,REDUCESCATTER,58720256,0.001094,20.7966,8,2,1,4,TP,8,1,7340032,7
223,fwd,attention_column,ALLGATHER,58720256,0.001094,20.8620,8,2,1,4,TP,8,1,7340032,7
224,fwd,attention_row,REDUCESCATTER,58720256,0.001094,20.9274,8,2,1,4,TP,8,1,7340032,7
225,fwd,mlp_column,ALLGATHER,58720256,0.001094,20.9928,8,2,1,4,TP,8,1,7340032,7
226,fwd,mlp_row,REDUCESCATTER,58720256,0.001094,21.0582,8,2,1,4,TP,8,1,7340032,7
227,fwd,attention_column,ALLGATHER,58720256,0.001094,21.1236,8,2,1,4,TP,8,1,7340032,7
228,fwd,attention_row,REDUCESCATTER,58720256,0.001094,21.1890,8,2,1,4,TP,8,1,7340032,7
229,fwd,mlp_column,ALLGATHER,58720256,0.001094,21.2544,8,2,1,4,TP,8,1,7340032,7
230,fwd,mlp_row,REDUCESCATTER,58720256,0.001094,21.3198,8,2,1,4,TP,8,1,7340032,7
231,fwd,attention_column,ALLGATHER,58720256,0.001094,21.3852,8,2,1,4,TP,8,1,7340032,7
232,fwd,attention_row,REDUCESCATTER,58720256,0.001094,21.4506,8,2,1,4,TP,8,1,7340032,7
233,fwd,mlp_column,ALLGATHER,58720256,0.001094,21.5160,8,2,1,4,TP,8,1,7340032,7
234,fwd,mlp_row,REDUCESCATTER,58720256,0.001094,21.5814,8,2,1,4,TP,8,1,7340032,7
235,fwd,attention_column,ALLGATHER,58720256,0.001094,21.6467,8,2,1,4,TP,8,1,7340032,7
236,fwd,attention_row,REDUCESCATTER,58720256,0.001094,21.7121,8,2,1,4,TP,8,1,7340032,7
237,fwd,mlp_column,ALLGATHER,58720256,0.001094,21.7775,8,2,1,4,TP,8,1,7340032,7
238,fwd,mlp_row,REDUCESCATTER,58720256,0.001094,21.8429,8,2,1,4,TP,8,1,7340032,7
239,fwd,attention_column,ALLGATHER,58720256,0.001094,21.9083,8,2,1,4,TP,8,1,7340032,7
240,fwd,attention_row,REDUCESCATTER,58720256,0.001094,21.9737,8,2,1,4,TP,8,1,7340032,7
241,fwd,mlp_column,ALLGATHER,58720256,0.001094,22.0391,8,2,1,4,TP,8,1,7340032,7
242,fwd,mlp_row,REDUCESCATTER,58720256,0.001094,22.1045,8,2,1,4,TP,8,1,7340032,7
243,fwd,attention_column,ALLGATHER,58720256,0.001094,22.1699,8,2,1,4,TP,8,1,7340032,7
244,fwd,attention_row,REDUCESCATTER,58720256,0.001094,22.2353,8,2,1,4,TP,8,1,7340032,7
245,fwd,mlp_column,ALLGATHER,58720256,0.001094,22.3007,8,2,1,4,TP,8,1,7340032,7
246,fwd,mlp_row,REDUCESCATTER,58720256,0.001094,22.3661,8,2,1,4,TP,8,1,7340032,7
247,fwd,attention_column,ALLGATHER,58720256,0.001094,22.4315,8,2,1,4,TP,8,1,7340032,7
248,fwd,attention_row,REDUCESCATTER,58720256,0.001094,22.4969,8,2,1,4,TP,8,1,7340032,7
249,fwd,mlp_column,ALLGATHER,58720256,0.001094,22.5623,8,2,1,4,TP,8,1,7340032,7
250,fwd,mlp_row,REDUCESCATTER,58720256,0.001094,22.6277,8,2,1,4,TP,8,1,7340032,7
251,fwd,attention_column,ALLGATHER,58720256,0.001094,22.6931,8,2,1,4,TP,8,1,7340032,7
252,fwd,attention_row,REDUCESCATTER,58720256,0.001094,22.7585,8,2,1,4,TP,8,1,7340032,7
253,fwd,mlp_column,ALLGATHER,58720256,0.001094,22.8238,8,2,1,4,TP,8,1,7340032,7
254,fwd,mlp_row,REDUCESCATTER,58720256,0.001094,22.8892,8,2,1,4,TP,8,1,7340032,7
255,fwd,attention_column,ALLGATHER,58720256,0.001094,22.9546,8,2,1,4,TP,8,1,7340032,7
256,fwd,attention_row,REDUCESCATTER,58720256,0.001094,23.0200,8,2,1,4,TP,8,1,7340032,7
257,fwd,mlp_column,ALLGATHER,58720256,0.001094,23.0854,8,2,1,4,TP,8,1,7340032,7
258,fwd,mlp_row,REDUCESCATTER,58720256,0.001094,23.1508,8,2,1,4,TP,8,1,7340032,7
259,fwd,attention_column,ALLGATHER,58720256,0.001094,23.2162,8,2,1,4,TP,8,1,7340032,7
260,fwd,attention_row,REDUCESCATTER,58720256,0.001094,23.2816,8,2,1,4,TP,8,1,7340032,7
261,fwd,mlp_column,ALLGATHER,58720256,0.001094,23.3470,8,2,1,4,TP,8,1,7340032,7
262,fwd,mlp_row,REDUCESCATTER,58720256,0.001094,23.4124,8,2,1,4,TP,8,1,7340032,7
263,fwd,attention_column,ALLGATHER,58720256,0.001094,23.4778,8,2,1,4,TP,8,1,7340032,7
264,fwd,attention_row,REDUCESCATTER,58720256,0.001094,23.5432,8,2,1,4,TP,8,1,7340032,7
265,fwd,mlp_column,ALLGATHER,58720256,0.001094,23.6086,8,2,1,4,TP,8,1,7340032,7
266,fwd,mlp_row,REDUCESCATTER,58720256,0.001094,23.6740,8,2,1,4,TP,8,1,7340032,7
267,fwd,attention_column,ALLGATHER,58720256,0.001094,23.7394,8,2,1,4,TP,8,1,7340032,7
268,fwd,attention_row,REDUCESCATTER,58720256,0.001094,23.8048,8,2,1,4,TP,8,1,7340032,7
269,fwd,mlp_column,ALLGATHER,58720256,0.001094,23.8702,8,2,1,4,TP,8,1,7340032,7
270,fwd,mlp_row,REDUCESCATTER,58720256,0.001094,23.9356,8,2,1,4,TP,8,1,7340032,7
271,fwd,attention_column,ALLGATHER,58720256,0.001094,24.0009,8,2,1,4,TP,8,1,7340032,7
272,fwd,attention_row,REDUCESCATTER,58720256,0.001094,24.0663,8,2,1,4,TP,8,1,7340032,7
273,fwd,mlp_column,ALLGATHER,58720256,0.001094,24.1317,8,2,1,4,TP,8,1,7340032,7
274,fwd,mlp_row,REDUCESCATTER,58720256,0.001094,24.1971,8,2,1,4,TP,8,1,7340032,7
275,fwd,attention_column,ALLGATHER,58720256,0.001094,24.2625,8,2,1,4,TP,8,1,7340032,7
276,fwd,attention_row,REDUCESCATTER,58720256,0.001094,24.3279,8,2,1,4,TP,8,1,7340032,7
277,fwd,mlp_column,ALLGATHER,58720256,0.001094,24.3933,8,2,1,4,TP,8,1,7340032,7
278,fwd,mlp_row,REDUCESCATTER,58720256,0.001094,24.4587,8,2,1,4,TP,8,1,7340032,7
279,fwd,attention_column,ALLGATHER,58720256,0.001094,24.5241,8,2,1,4,TP,8,1,7340032,7
280,fwd,attention_row,REDUCESCATTER,58720256,0.001094,24.5895,8,2,1,4,TP,8,1,7340032,7
281,fwd,mlp_column,ALLGATHER,58720256,0.001094,24.6549,8,2,1,4,TP,8,1,7340032,7
282,fwd,mlp_row,REDUCESCATTER,58720256,0.001094,24.7203,8,2,1,4,TP,8,1,7340032,7
283,fwd,attention_column,ALLGATHER,58720256,0.001094,24.7857,8,2,1,4,TP,8,1,7340032,7
284,fwd,attention_row,REDUCESCATTER,58720256,0.001094,24.8511,8,2,1,4,TP,8,1,7340032,7
285,fwd,mlp_column,ALLGATHER,58720256,0.001094,24.9165,8,2,1,4,TP,8,1,7340032,7
286,fwd,mlp_row,REDUCESCATTER,58720256,0.001094,24.9819,8,2,1,4,TP,8,1,7340032,7
287,fwd,attention_column,ALLGATHER,58720256,0.001094,25.0473,8,2,1,4,TP,8,1,7340032,7
288,fwd,attention_row,REDUCESCATTER,58720256,0.001094,25.1127,8,2,1,4,TP,8,1,7340032,7
289,fwd,mlp_column,ALLGATHER,58720256,0.001094,25.1781,8,2,1,4,TP,8,1,7340032,7
290,fwd,mlp_row,REDUCESCATTER,58720256,0.001094,25.2434,8,2,1,4,TP,8,1,7340032,7
291,fwd,final_column,ALLGATHER,58720256,0.001094,25.3088,8,2,1,4,TP,8,1,7340032,7
292,fwd,embedding_norm,ALLREDUCE,458752000,0.017090,26.3306,8,2,1,4,UNKNOWN,8,1,57344000,14
293,fwd,attention_column,ALLGATHER,58720256,0.001094,26.3960,8,2,1,4,TP,8,1,7340032,7
294,fwd,attention_row,REDUCESCATTER,58720256,0.001094,26.4614,8,2,1,4,TP,8,1,7340032,7
295,fwd,mlp_column,ALLGATHER,58720256,0.001094,26.5268,8,2,1,4,TP,8,1,7340032,7
296,fwd,mlp_row,REDUCESCATTER,58720256,0.001094,26.5922,8,2,1,4,TP,8,1,7340032,7
297,fwd,attention_column,ALLGATHER,58720256,0.001094,26.6576,8,2,1,4,TP,8,1,7340032,7
298,fwd,attention_row,REDUCESCATTER,58720256,0.001094,26.7230,8,2,1,4,TP,8,1,7340032,7
299,fwd,mlp_column,ALLGATHER,58720256,0.001094,26.7884,8,2,1,4,TP,8,1,7340032,7
300,fwd,mlp_row,REDUCESCATTER,58720256,0.001094,26.8538,8,2,1,4,TP,8,1,7340032,7
301,fwd,attention_column,ALLGATHER,58720256,0.001094,26.9192,8,2,1,4,TP,8,1,7340032,7
302,fwd,attention_row,REDUCESCATTER,58720256,0.001094,26.9846,8,2,1,4,TP,8,1,7340032,7
303,fwd,mlp_column,ALLGATHER,58720256,0.001094,27.0500,8,2,1,4,TP,8,1,7340032,7
304,fwd,mlp_row,REDUCESCATTER,58720256,0.001094,27.1154,8,2,1,4,TP,8,1,7340032,7
305,fwd,attention_column,ALLGATHER,58720256,0.001094,27.1808,8,2,1,4,TP,8,1,7340032,7
306,fwd,attention_row,REDUCESCATTER,58720256,0.001094,27.2462,8,2,1,4,TP,8,1,7340032,7
307,fwd,mlp_column,ALLGATHER,58720256,0.001094,27.3115,8,2,1,4,TP,8,1,7340032,7
308,fwd,mlp_row,REDUCESCATTER,58720256,0.001094,27.3769,8,2,1,4,TP,8,1,7340032,7
309,fwd,attention_column,ALLGATHER,58720256,0.001094,27.4423,8,2,1,4,TP,8,1,7340032,7
310,fwd,attention_row,REDUCESCATTER,58720256,0.001094,27.5077,8,2,1,4,TP,8,1,7340032,7
311,fwd,mlp_column,ALLGATHER,58720256,0.001094,27.5731,8,2,1,4,TP,8,1,7340032,7
312,fwd,mlp_row,REDUCESCATTER,58720256,0.001094,27.6385,8,2,1,4,TP,8,1,7340032,7
313,fwd,attention_column,ALLGATHER,58720256,0.001094,27.7039,8,2,1,4,TP,8,1,7340032,7
314,fwd,attention_row,REDUCESCATTER,58720256,0.001094,27.7693,8,2,1,4,TP,8,1,7340032,7
315,fwd,mlp_column,ALLGATHER,58720256,0.001094,27.8347,8,2,1,4,TP,8,1,7340032,7
316,fwd,mlp_row,REDUCESCATTER,58720256,0.001094,27.9001,8,2,1,4,TP,8,1,7340032,7
317,fwd,attention_column,ALLGATHER,58720256,0.001094,27.9655,8,2,1,4,TP,8,1,7340032,7
318,fwd,attention_row,REDUCESCATTER,58720256,0.001094,28.0309,8,2,1,4,TP,8,1,7340032,7
319,fwd,mlp_column,ALLGATHER,58720256,0.001094,28.0963,8,2,1,4,TP,8,1,7340032,7
320,fwd,mlp_row,REDUCESCATTER,58720256,0.001094,28.1617,8,2,1,4,TP,8,1,7340032,7
321,fwd,attention_column,ALLGATHER,58720256,0.001094,28.2271,8,2,1,4,TP,8,1,7340032,7
322,fwd,attention_row,REDUCESCATTER,58720256,0.001094,28.2925,8,2,1,4,TP,8,1,7340032,7
323,fwd,mlp_column,ALLGATHER,58720256,0.001094,28.3579,8,2,1,4,TP,8,1,7340032,7
324,fwd,mlp_row,REDUCESCATTER,58720256,0.001094,28.4233,8,2,1,4,TP,8,1,7340032,7
325,fwd,attention_column,ALLGATHER,58720256,0.001094,28.4887,8,2,1,4,TP,8,1,7340032,7
326,fwd,attention_row,REDUCESCATTER,58720256,0.001094,28.5540,8,2,1,4,TP,8,1,7340032,7
327,fwd,mlp_column,ALLGATHER,58720256,0.001094,28.6194,8,2,1,4,TP,8,1,7340032,7
328,fwd,mlp_row,REDUCESCATTER,58720256,0.001094,28.6848,8,2,1,4,TP,8,1,7340032,7
329,fwd,attention_column,ALLGATHER,58720256,0.001094,28.7502,8,2,1,4,TP,8,1,7340032,7
330,fwd,attention_row,REDUCESCATTER,58720256,0.001094,28.8156,8,2,1,4,TP,8,1,7340032,7
331,fwd,mlp_column,ALLGATHER,58720256,0.001094,28.8810,8,2,1,4,TP,8,1,7340032,7
332,fwd,mlp_row,REDUCESCATTER,58720256,0.001094,28.9464,8,2,1,4,TP,8,1,7340032,7
333,fwd,attention_column,ALLGATHER,58720256,0.001094,29.0118,8,2,1,4,TP,8,1,7340032,7
334,fwd,attention_row,REDUCESCATTER,58720256,0.001094,29.0772,8,2,1,4,TP,8,1,7340032,7
335,fwd,mlp_column,ALLGATHER,58720256,0.001094,29.1426,8,2,1,4,TP,8,1,7340032,7
336,fwd,mlp_row,REDUCESCATTER,58720256,0.001094,29.2080,8,2,1,4,TP,8,1,7340032,7
337,fwd,attention_column,ALLGATHER,58720256,0.001094,29.2734,8,2,1,4,TP,8,1,7340032,7
338,fwd,attention_row,REDUCESCATTER,58720256,0.001094,29.3388,8,2,1,4,TP,8,1,7340032,7
339,fwd,mlp_column,ALLGATHER,58720256,0.001094,29.4042,8,2,1,4,TP,8,1,7340032,7
340,fwd,mlp_row,REDUCESCATTER,58720256,0.001094,29.4696,8,2,1,4,TP,8,1,7340032,7
341,fwd,attention_column,ALLGATHER,58720256,0.001094,29.5350,8,2,1,4,TP,8,1,7340032,7
342,fwd,attention_row,REDUCESCATTER,58720256,0.001094,29.6004,8,2,1,4,TP,8,1,7340032,7
343,fwd,mlp_column,ALLGATHER,58720256,0.001094,29.6658,8,2,1,4,TP,8,1,7340032,7
344,fwd,mlp_row,REDUCESCATTER,58720256,0.001094,29.7311,8,2,1,4,TP,8,1,7340032,7
345,fwd,attention_column,ALLGATHER,58720256,0.001094,29.7965,8,2,1,4,TP,8,1,7340032,7
346,fwd,attention_row,REDUCESCATTER,58720256,0.001094,29.8619,8,2,1,4,TP,8,1,7340032,7
347,fwd,mlp_column,ALLGATHER,58720256,0.001094,29.9273,8,2,1,4,TP,8,1,7340032,7
348,fwd,mlp_row,REDUCESCATTER,58720256,0.001094,29.9927,8,2,1,4,TP,8,1,7340032,7
349,fwd,attention_column,ALLGATHER,58720256,0.001094,30.0581,8,2,1,4,TP,8,1,7340032,7
350,fwd,attention_row,REDUCESCATTER,58720256,0.001094,30.1235,8,2,1,4,TP,8,1,7340032,7
351,fwd,mlp_column,ALLGATHER,58720256,0.001094,30.1889,8,2,1,4,TP,8,1,7340032,7
352,fwd,mlp_row,REDUCESCATTER,58720256,0.001094,30.2543,8,2,1,4,TP,8,1,7340032,7
353,fwd,attention_column,ALLGATHER,58720256,0.001094,30.3197,8,2,1,4,TP,8,1,7340032,7
354,fwd,attention_row,REDUCESCATTER,58720256,0.001094,30.3851,8,2,1,4,TP,8,1,7340032,7
355,fwd,mlp_column,ALLGATHER,58720256,0.001094,30.4505,8,2,1,4,TP,8,1,7340032,7
356,fwd,mlp_row,REDUCESCATTER,58720256,0.001094,30.5159,8,2,1,4,TP,8,1,7340032,7
357,fwd,attention_column,ALLGATHER,58720256,0.001094,30.5813,8,2,1,4,TP,8,1,7340032,7
358,fwd,attention_row,REDUCESCATTER,58720256,0.001094,30.6467,8,2,1,4,TP,8,1,7340032,7
359,fwd,mlp_column,ALLGATHER,58720256,0.001094,30.7121,8,2,1,4,TP,8,1,7340032,7
360,fwd,mlp_row,REDUCESCATTER,58720256,0.001094,30.7775,8,2,1,4,TP,8,1,7340032,7
361,fwd,attention_column,ALLGATHER,58720256,0.001094,30.8429,8,2,1,4,TP,8,1,7340032,7
362,fwd,attention_row,REDUCESCATTER,58720256,0.001094,30.9082,8,2,1,4,TP,8,1,7340032,7
363,fwd,mlp_column,ALLGATHER,58720256,0.001094,30.9736,8,2,1,4,TP,8,1,7340032,7
364,fwd,mlp_row,REDUCESCATTER,58720256,0.001094,31.0390,8,2,1,4,TP,8,1,7340032,7
365,fwd,attention_column,ALLGATHER,58720256,0.001094,31.1044,8,2,1,4,TP,8,1,7340032,7
366,fwd,attention_row,REDUCESCATTER,58720256,0.001094,31.1698,8,2,1,4,TP,8,1,7340032,7
367,fwd,mlp_column,ALLGATHER,58720256,0.001094,31.2352,8,2,1,4,TP,8,1,7340032,7
368,fwd,mlp_row,REDUCESCATTER,58720256,0.001094,31.3006,8,2,1,4,TP,8,1,7340032,7
369,fwd,attention_column,ALLGATHER,58720256,0.001094,31.3660,8,2,1,4,TP,8,1,7340032,7
370,fwd,attention_row,REDUCESCATTER,58720256,0.001094,31.4314,8,2,1,4,TP,8,1,7340032,7
371,fwd,mlp_column,ALLGATHER,58720256,0.001094,31.4968,8,2,1,4,TP,8,1,7340032,7
372,fwd,mlp_row,REDUCESCATTER,58720256,0.001094,31.5622,8,2,1,4,TP,8,1,7340032,7
373,fwd,attention_column,ALLGATHER,58720256,0.001094,31.6276,8,2,1,4,TP,8,1,7340032,7
374,fwd,attention_row,REDUCESCATTER,58720256,0.001094,31.6930,8,2,1,4,TP,8,1,7340032,7
375,fwd,mlp_column,ALLGATHER,58720256,0.001094,31.7584,8,2,1,4,TP,8,1,7340032,7
376,fwd,mlp_row,REDUCESCATTER,58720256,0.001094,31.8238,8,2,1,4,TP,8,1,7340032,7
377,fwd,attention_column,ALLGATHER,58720256,0.001094,31.8892,8,2,1,4,TP,8,1,7340032,7
378,fwd,attention_row,REDUCESCATTER,58720256,0.001094,31.9546,8,2,1,4,TP,8,1,7340032,7
379,fwd,mlp_column,ALLGATHER,58720256,0.001094,32.0200,8,2,1,4,TP,8,1,7340032,7
380,fwd,mlp_row,REDUCESCATTER,58720256,0.001094,32.0854,8,2,1,4,TP,8,1,7340032,7
381,fwd,attention_column,ALLGATHER,58720256,0.001094,32.1507,8,2,1,4,TP,8,1,7340032,7
382,fwd,attention_row,REDUCESCATTER,58720256,0.001094,32.2161,8,2,1,4,TP,8,1,7340032,7
383,fwd,mlp_column,ALLGATHER,58720256,0.001094,32.2815,8,2,1,4,TP,8,1,7340032,7
384,fwd,mlp_row,REDUCESCATTER,58720256,0.001094,32.3469,8,2,1,4,TP,8,1,7340032,7
385,fwd,attention_column,ALLGATHER,58720256,0.001094,32.4123,8,2,1,4,TP,8,1,7340032,7
386,fwd,attention_row,REDUCESCATTER,58720256,0.001094,32.4777,8,2,1,4,TP,8,1,7340032,7
387,fwd,mlp_column,ALLGATHER,58720256,0.001094,32.5431,8,2,1,4,TP,8,1,7340032,7
388,fwd,mlp_row,REDUCESCATTER,58720256,0.001094,32.6085,8,2,1,4,TP,8,1,7340032,7
389,fwd,attention_column,ALLGATHER,58720256,0.001094,32.6739,8,2,1,4,TP,8,1,7340032,7
390,fwd,attention_row,REDUCESCATTER,58720256,0.001094,32.7393,8,2,1,4,TP,8,1,7340032,7
391,fwd,mlp_column,ALLGATHER,58720256,0.001094,32.8047,8,2,1,4,TP,8,1,7340032,7
392,fwd,mlp_row,REDUCESCATTER,58720256,0.001094,32.8701,8,2,1,4,TP,8,1,7340032,7
393,fwd,attention_column,ALLGATHER,58720256,0.001094,32.9355,8,2,1,4,TP,8,1,7340032,7
394,fwd,attention_row,REDUCESCATTER,58720256,0.001094,33.0009,8,2,1,4,TP,8,1,7340032,7
395,fwd,mlp_column,ALLGATHER,58720256,0.001094,33.0663,8,2,1,4,TP,8,1,7340032,7
396,fwd,mlp_row,REDUCESCATTER,58720256,0.001094,33.1317,8,2,1,4,TP,8,1,7340032,7
397,fwd,attention_column,ALLGATHER,58720256,0.001094,33.1971,8,2,1,4,TP,8,1,7340032,7
398,fwd,attention_row,REDUCESCATTER,58720256,0.001094,33.2625,8,2,1,4,TP,8,1,7340032,7
399,fwd,mlp_column,ALLGATHER,58720256,0.001094,33.3278,8,2,1,4,TP,8,1,7340032,7
400,fwd,mlp_row,REDUCESCATTER,58720256,0.001094,33.3932,8,2,1,4,TP,8,1,7340032,7
401,fwd,attention_column,ALLGATHER,58720256,0.001094,33.4586,8,2,1,4,TP,8,1,7340032,7
402,fwd,attention_row,REDUCESCATTER,58720256,0.001094,33.5240,8,2,1,4,TP,8,1,7340032,7
403,fwd,mlp_column,ALLGATHER,58720256,0.001094,33.5894,8,2,1,4,TP,8,1,7340032,7
404,fwd,mlp_row,REDUCESCATTER,58720256,0.001094,33.6548,8,2,1,4,TP,8,1,7340032,7
405,fwd,attention_column,ALLGATHER,58720256,0.001094,33.7202,8,2,1,4,TP,8,1,7340032,7
406,fwd,attention_row,REDUCESCATTER,58720256,0.001094,33.7856,8,2,1,4,TP,8,1,7340032,7
407,fwd,mlp_column,ALLGATHER,58720256,0.001094,33.8510,8,2,1,4,TP,8,1,7340032,7
408,fwd,mlp_row,REDUCESCATTER,58720256,0.001094,33.9164,8,2,1,4,TP,8,1,7340032,7
409,fwd,attention_column,ALLGATHER,58720256,0.001094,33.9818,8,2,1,4,TP,8,1,7340032,7
410,fwd,attention_row,REDUCESCATTER,58720256,0.001094,34.0472,8,2,1,4,TP,8,1,7340032,7
411,fwd,mlp_column,ALLGATHER,58720256,0.001094,34.1126,8,2,1,4,TP,8,1,7340032,7
412,fwd,mlp_row,REDUCESCATTER,58720256,0.001094,34.1780,8,2,1,4,TP,8,1,7340032,7
413,fwd,attention_column,ALLGATHER,58720256,0.001094,34.2434,8,2,1,4,TP,8,1,7340032,7
414,fwd,attention_row,REDUCESCATTER,58720256,0.001094,34.3088,8,2,1,4,TP,8,1,7340032,7
415,fwd,mlp_column,ALLGATHER,58720256,0.001094,34.3742,8,2,1,4,TP,8,1,7340032,7
416,fwd,mlp_row,REDUCESCATTER,58720256,0.001094,34.4396,8,2,1,4,TP,8,1,7340032,7
417,fwd,attention_column,ALLGATHER,58720256,0.001094,34.5049,8,2,1,4,TP,8,1,7340032,7
418,fwd,attention_row,REDUCESCATTER,58720256,0.001094,34.5703,8,2,1,4,TP,8,1,7340032,7
419,fwd,mlp_column,ALLGATHER,58720256,0.001094,34.6357,8,2,1,4,TP,8,1,7340032,7
420,fwd,mlp_row,REDUCESCATTER,58720256,0.001094,34.7011,8,2,1,4,TP,8,1,7340032,7
421,fwd,attention_column,ALLGATHER,58720256,0.001094,34.7665,8,2,1,4,TP,8,1,7340032,7
422,fwd,attention_row,REDUCESCATTER,58720256,0.001094,34.8319,8,2,1,4,TP,8,1,7340032,7
423,fwd,mlp_column,ALLGATHER,58720256,0.001094,34.8973,8,2,1,4,TP,8,1,7340032,7
424,fwd,mlp_row,REDUCESCATTER,58720256,0.001094,34.9627,8,2,1,4,TP,8,1,7340032,7
425,fwd,attention_column,ALLGATHER,58720256,0.001094,35.0281,8,2,1,4,TP,8,1,7340032,7
426,fwd,attention_row,REDUCESCATTER,58720256,0.001094,35.0935,8,2,1,4,TP,8,1,7340032,7
427,fwd,mlp_column,ALLGATHER,58720256,0.001094,35.1589,8,2,1,4,TP,8,1,7340032,7
428,fwd,mlp_row,REDUCESCATTER,58720256,0.001094,35.2243,8,2,1,4,TP,8,1,7340032,7
429,fwd,attention_column,ALLGATHER,58720256,0.001094,35.2897,8,2,1,4,TP,8,1,7340032,7
430,fwd,attention_row,REDUCESCATTER,58720256,0.001094,35.3551,8,2,1,4,TP,8,1,7340032,7
431,fwd,mlp_column,ALLGATHER,58720256,0.001094,35.4205,8,2,1,4,TP,8,1,7340032,7
432,fwd,mlp_row,REDUCESCATTER,58720256,0.001094,35.4859,8,2,1,4,TP,8,1,7340032,7
433,fwd,attention_column,ALLGATHER,58720256,0.001094,35.5513,8,2,1,4,TP,8,1,7340032,7
434,fwd,attention_row,REDUCESCATTER,58720256,0.001094,35.6167,8,2,1,4,TP,8,1,7340032,7
435,fwd,mlp_column,ALLGATHER,58720256,0.001094,35.6821,8,2,1,4,TP,8,1,7340032,7
436,fwd,mlp_row,REDUCESCATTER,58720256,0.001094,35.7474,8,2,1,4,TP,8,1,7340032,7
437,fwd,final_column,ALLGATHER,58720256,0.001094,35.8128,8,2,1,4,TP,8,1,7340032,7
438,fwd,embedding_norm,ALLREDUCE,458752000,0.017090,36.8346,8,2,1,4,UNKNOWN,8,1,57344000,14
439,fwd,attention_column,ALLGATHER,58720256,0.001094,36.9000,8,2,1,4,TP,8,1,7340032,7
440,fwd,attention_row,REDUCESCATTER,58720256,0.001094,36.9654,8,2,1,4,TP,8,1,7340032,7
441,fwd,mlp_column,ALLGATHER,58720256,0.001094,37.0308,8,2,1,4,TP,8,1,7340032,7
442,fwd,mlp_row,REDUCESCATTER,58720256,0.001094,37.0962,8,2,1,4,TP,8,1,7340032,7
443,fwd,attention_column,ALLGATHER,58720256,0.001094,37.1616,8,2,1,4,TP,8,1,7340032,7
444,fwd,attention_row,REDUCESCATTER,58720256,0.001094,37.2270,8,2,1,4,TP,8,1,7340032,7
445,fwd,mlp_column,ALLGATHER,58720256,0.001094,37.2924,8,2,1,4,TP,8,1,7340032,7
446,fwd,mlp_row,REDUCESCATTER,58720256,0.001094,37.3578,8,2,1,4,TP,8,1,7340032,7
447,fwd,attention_column,ALLGATHER,58720256,0.001094,37.4232,8,2,1,4,TP,8,1,7340032,7
448,fwd,attention_row,REDUCESCATTER,58720256,0.001094,37.4886,8,2,1,4,TP,8,1,7340032,7
449,fwd,mlp_column,ALLGATHER,58720256,0.001094,37.5540,8,2,1,4,TP,8,1,7340032,7
450,fwd,mlp_row,REDUCESCATTER,58720256,0.001094,37.6194,8,2,1,4,TP,8,1,7340032,7
451,fwd,attention_column,ALLGATHER,58720256,0.001094,37.6848,8,2,1,4,TP,8,1,7340032,7
452,fwd,attention_row,REDUCESCATTER,58720256,0.001094,37.7502,8,2,1,4,TP,8,1,7340032,7
453,fwd,mlp_column,ALLGATHER,58720256,0.001094,37.8155,8,2,1,4,TP,8,1,7340032,7
454,fwd,mlp_row,REDUCESCATTER,58720256,0.001094,37.8809,8,2,1,4,TP,8,1,7340032,7
455,fwd,attention_column,ALLGATHER,58720256,0.001094,37.9463,8,2,1,4,TP,8,1,7340032,7
456,fwd,attention_row,REDUCESCATTER,58720256,0.001094,38.0117,8,2,1,4,TP,8,1,7340032,7
457,fwd,mlp_column,ALLGATHER,58720256,0.001094,38.0771,8,2,1,4,TP,8,1,7340032,7
458,fwd,mlp_row,REDUCESCATTER,58720256,0.001094,38.1425,8,2,1,4,TP,8,1,7340032,7
459,fwd,attention_column,ALLGATHER,58720256,0.001094,38.2079,8,2,1,4,TP,8,1,7340032,7
460,fwd,attention_row,REDUCESCATTER,58720256,0.001094,38.2733,8,2,1,4,TP,8,1,7340032,7
461,fwd,mlp_column,ALLGATHER,58720256,0.001094,38.3387,8,2,1,4,TP,8,1,7340032,7
462,fwd,mlp_row,REDUCESCATTER,58720256,0.001094,38.4041,8,2,1,4,TP,8,1,7340032,7
463,fwd,attention_column,ALLGATHER,58720256,0.001094,38.4695,8,2,1,4,TP,8,1,7340032,7
464,fwd,attention_row,REDUCESCATTER,58720256,0.001094,38.5349,8,2,1,4,TP,8,1,7340032,7
465,fwd,mlp_column,ALLGATHER,58720256,0.001094,38.6003,8,2,1,4,TP,8,1,7340032,7
466,fwd,mlp_row,REDUCESCATTER,58720256,0.001094,38.6657,8,2,1,4,TP,8,1,7340032,7
467,fwd,attention_column,ALLGATHER,58720256,0.001094,38.7311,8,2,1,4,TP,8,1,7340032,7
468,fwd,attention_row,REDUCESCATTER,58720256,0.001094,38.7965,8,2,1,4,TP,8,1,7340032,7
469,fwd,mlp_column,ALLGATHER,58720256,0.001094,38.8619,8,2,1,4,TP,8,1,7340032,7
470,fwd,mlp_row,REDUCESCATTER,58720256,0.001094,38.9273,8,2,1,4,TP,8,1,7340032,7
471,fwd,attention_column,ALLGATHER,58720256,0.001094,38.9927,8,2,1,4,TP,8,1,7340032,7
472,fwd,attention_row,REDUCESCATTER,58720256,0.001094,39.0580,8,2,1,4,TP,8,1,7340032,7
473,fwd,mlp_column,ALLGATHER,58720256,0.001094,39.1234,8,2,1,4,TP,8,1,7340032,7
474,fwd,mlp_row,REDUCESCATTER,58720256,0.001094,39.1888,8,2,1,4,TP,8,1,7340032,7
475,fwd,attention_column,ALLGATHER,58720256,0.001094,39.2542,8,2,1,4,TP,8,1,7340032,7
476,fwd,attention_row,REDUCESCATTER,58720256,0.001094,39.3196,8,2,1,4,TP,8,1,7340032,7
477,fwd,mlp_column,ALLGATHER,58720256,0.001094,39.3850,8,2,1,4,TP,8,1,7340032,7
478,fwd,mlp_row,REDUCESCATTER,58720256,0.001094,39.4504,8,2,1,4,TP,8,1,7340032,7
479,fwd,attention_column,ALLGATHER,58720256,0.001094,39.5158,8,2,1,4,TP,8,1,7340032,7
480,fwd,attention_row,REDUCESCATTER,58720256,0.001094,39.5812,8,2,1,4,TP,8,1,7340032,7
481,fwd,mlp_column,ALLGATHER,58720256,0.001094,39.6466,8,2,1,4,TP,8,1,7340032,7
482,fwd,mlp_row,REDUCESCATTER,58720256,0.001094,39.7120,8,2,1,4,TP,8,1,7340032,7
483,fwd,attention_column,ALLGATHER,58720256,0.001094,39.7774,8,2,1,4,TP,8,1,7340032,7
484,fwd,attention_row,REDUCESCATTER,58720256,0.001094,39.8428,8,2,1,4,TP,8,1,7340032,7
485,fwd,mlp_column,ALLGATHER,58720256,0.001094,39.9082,8,2,1,4,TP,8,1,7340032,7
486,fwd,mlp_row,REDUCESCATTER,58720256,0.001094,39.9736,8,2,1,4,TP,8,1,7340032,7
487,fwd,attention_column,ALLGATHER,58720256,0.001094,40.0390,8,2,1,4,TP,8,1,7340032,7
488,fwd,attention_row,REDUCESCATTER,58720256,0.001094,40.1044,8,2,1,4,TP,8,1,7340032,7
489,fwd,mlp_column,ALLGATHER,58720256,0.001094,40.1698,8,2,1,4,TP,8,1,7340032,7
490,fwd,mlp_row,REDUCESCATTER,58720256,0.001094,40.2351,8,2,1,4,TP,8,1,7340032,7
491,fwd,attention_column,ALLGATHER,58720256,0.001094,40.3005,8,2,1,4,TP,8,1,7340032,7
492,fwd,attention_row,REDUCESCATTER,58720256,0.001094,40.3659,8,2,1,4,TP,8,1,7340032,7
493,fwd,mlp_column,ALLGATHER,58720256,0.001094,40.4313,8,2,1,4,TP,8,1,7340032,7
494,fwd,mlp_row,REDUCESCATTER,58720256,0.001094,40.4967,8,2,1,4,TP,8,1,7340032,7
495,fwd,attention_column,ALLGATHER,58720256,0.001094,40.5621,8,2,1,4,TP,8,1,7340032,7
496,fwd,attention_row,REDUCESCATTER,58720256,0.001094,40.6275,8,2,1,4,TP,8,1,7340032,7
497,fwd,mlp_column,ALLGATHER,58720256,0.001094,40.6929,8,2,1,4,TP,8,1,7340032,7
498,fwd,mlp_row,REDUCESCATTER,58720256,0.001094,40.7583,8,2,1,4,TP,8,1,7340032,7
499,fwd,attention_column,ALLGATHER,58720256,0.001094,40.8237,8,2,1,4,TP,8,1,7340032,7
500,fwd,attention_row,REDUCESCATTER,58720256,0.001094,40.8891,8,2,1,4,TP,8,1,7340032,7
501,fwd,mlp_column,ALLGATHER,58720256,0.001094,40.9545,8,2,1,4,TP,8,1,7340032,7
502,fwd,mlp_row,REDUCESCATTER,58720256,0.001094,41.0199,8,2,1,4,TP,8,1,7340032,7
503,fwd,attention_column,ALLGATHER,58720256,0.001094,41.0853,8,2,1,4,TP,8,1,7340032,7
504,fwd,attention_row,REDUCESCATTER,58720256,0.001094,41.1507,8,2,1,4,TP,8,1,7340032,7
505,fwd,mlp_column,ALLGATHER,58720256,0.001094,41.2161,8,2,1,4,TP,8,1,7340032,7
506,fwd,mlp_row,REDUCESCATTER,58720256,0.001094,41.2815,8,2,1,4,TP,8,1,7340032,7
507,fwd,attention_column,ALLGATHER,58720256,0.001094,41.3469,8,2,1,4,TP,8,1,7340032,7
508,fwd,attention_row,REDUCESCATTER,58720256,0.001094,41.4122,8,2,1,4,TP,8,1,7340032,7
509,fwd,mlp_column,ALLGATHER,58720256,0.001094,41.4776,8,2,1,4,TP,8,1,7340032,7
510,fwd,mlp_row,REDUCESCATTER,58720256,0.001094,41.5430,8,2,1,4,TP,8,1,7340032,7
511,fwd,attention_column,ALLGATHER,58720256,0.001094,41.6084,8,2,1,4,TP,8,1,7340032,7
512,fwd,attention_row,REDUCESCATTER,58720256,0.001094,41.6738,8,2,1,4,TP,8,1,7340032,7
513,fwd,mlp_column,ALLGATHER,58720256,0.001094,41.7392,8,2,1,4,TP,8,1,7340032,7
514,fwd,mlp_row,REDUCESCATTER,58720256,0.001094,41.8046,8,2,1,4,TP,8,1,7340032,7
515,fwd,attention_column,ALLGATHER,58720256,0.001094,41.8700,8,2,1,4,TP,8,1,7340032,7
516,fwd,attention_row,REDUCESCATTER,58720256,0.001094,41.9354,8,2,1,4,TP,8,1,7340032,7
517,fwd,mlp_column,ALLGATHER,58720256,0.001094,42.0008,8,2,1,4,TP,8,1,7340032,7
518,fwd,mlp_row,REDUCESCATTER,58720256,0.001094,42.0662,8,2,1,4,TP,8,1,7340032,7
519,fwd,attention_column,ALLGATHER,58720256,0.001094,42.1316,8,2,1,4,TP,8,1,7340032,7
520,fwd,attention_row,REDUCESCATTER,58720256,0.001094,42.1970,8,2,1,4,TP,8,1,7340032,7
521,fwd,mlp_column,ALLGATHER,58720256,0.001094,42.2624,8,2,1,4,TP,8,1,7340032,7
522,fwd,mlp_row,REDUCESCATTER,58720256,0.001094,42.3278,8,2,1,4,TP,8,1,7340032,7
523,fwd,attention_column,ALLGATHER,58720256,0.001094,42.3932,8,2,1,4,TP,8,1,7340032,7
524,fwd,attention_row,REDUCESCATTER,58720256,0.001094,42.4586,8,2,1,4,TP,8,1,7340032,7
525,fwd,mlp_column,ALLGATHER,58720256,0.001094,42.5240,8,2,1,4,TP,8,1,7340032,7
526,fwd,mlp_row,REDUCESCATTER,58720256,0.001094,42.5894,8,2,1,4,TP,8,1,7340032,7
527,fwd,attention_column,ALLGATHER,58720256,0.001094,42.6547,8,2,1,4,TP,8,1,7340032,7
528,fwd,attention_row,REDUCESCATTER,58720256,0.001094,42.7201,8,2,1,4,TP,8,1,7340032,7
529,fwd,mlp_column,ALLGATHER,58720256,0.001094,42.7855,8,2,1,4,TP,8,1,7340032,7
530,fwd,mlp_row,REDUCESCATTER,58720256,0.001094,42.8509,8,2,1,4,TP,8,1,7340032,7
531,fwd,attention_column,ALLGATHER,58720256,0.001094,42.9163,8,2,1,4,TP,8,1,7340032,7
532,fwd,attention_row,REDUCESCATTER,58720256,0.001094,42.9817,8,2,1,4,TP,8,1,7340032,7
533,fwd,mlp_column,ALLGATHER,58720256,0.001094,43.0471,8,2,1,4,TP,8,1,7340032,7
534,fwd,mlp_row,REDUCESCATTER,58720256,0.001094,43.1125,8,2,1,4,TP,8,1,7340032,7
535,fwd,attention_column,ALLGATHER,58720256,0.001094,43.1779,8,2,1,4,TP,8,1,7340032,7
536,fwd,attention_row,REDUCESCATTER,58720256,0.001094,43.2433,8,2,1,4,TP,8,1,7340032,7
537,fwd,mlp_column,ALLGATHER,58720256,0.001094,43.3087,8,2,1,4,TP,8,1,7340032,7
538,fwd,mlp_row,REDUCESCATTER,58720256,0.001094,43.3741,8,2,1,4,TP,8,1,7340032,7
539,fwd,attention_column,ALLGATHER,58720256,0.001094,43.4395,8,2,1,4,TP,8,1,7340032,7
540,fwd,attention_row,REDUCESCATTER,58720256,0.001094,43.5049,8,2,1,4,TP,8,1,7340032,7
541,fwd,mlp_column,ALLGATHER,58720256,0.001094,43.5703,8,2,1,4,TP,8,1,7340032,7
542,fwd,mlp_row,REDUCESCATTER,58720256,0.001094,43.6357,8,2,1,4,TP,8,1,7340032,7
543,fwd,attention_column,ALLGATHER,58720256,0.001094,43.7011,8,2,1,4,TP,8,1,7340032,7
544,fwd,attention_row,REDUCESCATTER,58720256,0.001094,43.7665,8,2,1,4,TP,8,1,7340032,7
545,fwd,mlp_column,ALLGATHER,58720256,0.001094,43.8318,8,2,1,4,TP,8,1,7340032,7
546,fwd,mlp_row,REDUCESCATTER,58720256,0.001094,43.8972,8,2,1,4,TP,8,1,7340032,7
547,fwd,attention_column,ALLGATHER,58720256,0.001094,43.9626,8,2,1,4,TP,8,1,7340032,7
548,fwd,attention_row,REDUCESCATTER,58720256,0.001094,44.0280,8,2,1,4,TP,8,1,7340032,7
549,fwd,mlp_column,ALLGATHER,58720256,0.001094,44.0934,8,2,1,4,TP,8,1,7340032,7
550,fwd,mlp_row,REDUCESCATTER,58720256,0.001094,44.1588,8,2,1,4,TP,8,1,7340032,7
551,fwd,attention_column,ALLGATHER,58720256,0.001094,44.2242,8,2,1,4,TP,8,1,7340032,7
552,fwd,attention_row,REDUCESCATTER,58720256,0.001094,44.2896,8,2,1,4,TP,8,1,7340032,7
553,fwd,mlp_column,ALLGATHER,58720256,0.001094,44.3550,8,2,1,4,TP,8,1,7340032,7
554,fwd,mlp_row,REDUCESCATTER,58720256,0.001094,44.4204,8,2,1,4,TP,8,1,7340032,7
555,fwd,attention_column,ALLGATHER,58720256,0.001094,44.4858,8,2,1,4,TP,8,1,7340032,7
556,fwd,attention_row,REDUCESCATTER,58720256,0.001094,44.5512,8,2,1,4,TP,8,1,7340032,7
557,fwd,mlp_column,ALLGATHER,58720256,0.001094,44.6166,8,2,1,4,TP,8,1,7340032,7
558,fwd,mlp_row,REDUCESCATTER,58720256,0.001094,44.6820,8,2,1,4,TP,8,1,7340032,7
559,fwd,attention_column,ALLGATHER,58720256,0.001094,44.7474,8,2,1,4,TP,8,1,7340032,7
560,fwd,attention_row,REDUCESCATTER,58720256,0.001094,44.8128,8,2,1,4,TP,8,1,7340032,7
561,fwd,mlp_column,ALLGATHER,58720256,0.001094,44.8782,8,2,1,4,TP,8,1,7340032,7
562,fwd,mlp_row,REDUCESCATTER,58720256,0.001094,44.9436,8,2,1,4,TP,8,1,7340032,7
563,fwd,attention_column,ALLGATHER,58720256,0.001094,45.0089,8,2,1,4,TP,8,1,7340032,7
564,fwd,attention_row,REDUCESCATTER,58720256,0.001094,45.0743,8,2,1,4,TP,8,1,7340032,7
565,fwd,mlp_column,ALLGATHER,58720256,0.001094,45.1397,8,2,1,4,TP,8,1,7340032,7
566,fwd,mlp_row,REDUCESCATTER,58720256,0.001094,45.2051,8,2,1,4,TP,8,1,7340032,7
567,fwd,attention_column,ALLGATHER,58720256,0.001094,45.2705,8,2,1,4,TP,8,1,7340032,7
568,fwd,attention_row,REDUCESCATTER,58720256,0.001094,45.3359,8,2,1,4,TP,8,1,7340032,7
569,fwd,mlp_column,ALLGATHER,58720256,0.001094,45.4013,8,2,1,4,TP,8,1,7340032,7
570,fwd,mlp_row,REDUCESCATTER,58720256,0.001094,45.4667,8,2,1,4,TP,8,1,7340032,7
571,fwd,attention_column,ALLGATHER,58720256,0.001094,45.5321,8,2,1,4,TP,8,1,7340032,7
572,fwd,attention_row,REDUCESCATTER,58720256,0.001094,45.5975,8,2,1,4,TP,8,1,7340032,7
573,fwd,mlp_column,ALLGATHER,58720256,0.001094,45.6629,8,2,1,4,TP,8,1,7340032,7
574,fwd,mlp_row,REDUCESCATTER,58720256,0.001094,45.7283,8,2,1,4,TP,8,1,7340032,7
575,fwd,attention_column,ALLGATHER,58720256,0.001094,45.7937,8,2,1,4,TP,8,1,7340032,7
576,fwd,attention_row,REDUCESCATTER,58720256,0.001094,45.8591,8,2,1,4,TP,8,1,7340032,7
577,fwd,mlp_column,ALLGATHER,58720256,0.001094,45.9245,8,2,1,4,TP,8,1,7340032,7
578,fwd,mlp_row,REDUCESCATTER,58720256,0.001094,45.9899,8,2,1,4,TP,8,1,7340032,7
579,fwd,attention_column,ALLGATHER,58720256,0.001094,46.0553,8,2,1,4,TP,8,1,7340032,7
580,fwd,attention_row,REDUCESCATTER,58720256,0.001094,46.1207,8,2,1,4,TP,8,1,7340032,7
581,fwd,mlp_column,ALLGATHER,58720256,0.001094,46.1861,8,2,1,4,TP,8,1,7340032,7
582,fwd,mlp_row,REDUCESCATTER,58720256,0.001094,46.2514,8,2,1,4,TP,8,1,7340032,7
583,fwd,final_column,ALLGATHER,58720256,0.001094,46.3168,8,2,1,4,TP,8,1,7340032,7
584,fwd,embedding_norm,ALLREDUCE,458752000,0.017090,47.3386,8,2,1,4,UNKNOWN,8,1,57344000,14
585,fwd,attention_column,ALLGATHER,58720256,0.001094,47.4040,8,2,1,4,TP,8,1,7340032,7
586,fwd,attention_row,REDUCESCATTER,58720256,0.001094,47.4694,8,2,1,4,TP,8,1,7340032,7
587,fwd,mlp_column,ALLGATHER,58720256,0.001094,47.5348,8,2,1,4,TP,8,1,7340032,7
588,fwd,mlp_row,REDUCESCATTER,58720256,0.001094,47.6002,8,2,1,4,TP,8,1,7340032,7
589,fwd,attention_column,ALLGATHER,58720256,0.001094,47.6656,8,2,1,4,TP,8,1,7340032,7
590,fwd,attention_row,REDUCESCATTER,58720256,0.001094,47.7310,8,2,1,4,TP,8,1,7340032,7
591,fwd,mlp_column,ALLGATHER,58720256,0.001094,47.7964,8,2,1,4,TP,8,1,7340032,7
592,fwd,mlp_row,REDUCESCATTER,58720256,0.001094,47.8618,8,2,1,4,TP,8,1,7340032,7
593,fwd,attention_column,ALLGATHER,58720256,0.001094,47.9272,8,2,1,4,TP,8,1,7340032,7
594,fwd,attention_row,REDUCESCATTER,58720256,0.001094,47.9926,8,2,1,4,TP,8,1,7340032,7
595,fwd,mlp_column,ALLGATHER,58720256,0.001094,48.0580,8,2,1,4,TP,8,1,7340032,7
596,fwd,mlp_row,REDUCESCATTER,58720256,0.001094,48.1234,8,2,1,4,TP,8,1,7340032,7
597,fwd,attention_column,ALLGATHER,58720256,0.001094,48.1888,8,2,1,4,TP,8,1,7340032,7
598,fwd,attention_row,REDUCESCATTER,58720256,0.001094,48.2542,8,2,1,4,TP,8,1,7340032,7
599,fwd,mlp_column,ALLGATHER,58720256,0.001094,48.3195,8,2,1,4,TP,8,1,7340032,7
600,fwd,mlp_row,REDUCESCATTER,58720256,0.001094,48.3849,8,2,1,4,TP,8,1,7340032,7
601,fwd,attention_column,ALLGATHER,58720256,0.001094,48.4503,8,2,1,4,TP,8,1,7340032,7
602,fwd,attention_row,REDUCESCATTER,58720256,0.001094,48.5157,8,2,1,4,TP,8,1,7340032,7
603,fwd,mlp_column,ALLGATHER,58720256,0.001094,48.5811,8,2,1,4,TP,8,1,7340032,7
604,fwd,mlp_row,REDUCESCATTER,58720256,0.001094,48.6465,8,2,1,4,TP,8,1,7340032,7
605,fwd,attention_column,ALLGATHER,58720256,0.001094,48.7119,8,2,1,4,TP,8,1,7340032,7
606,fwd,attention_row,REDUCESCATTER,58720256,0.001094,48.7773,8,2,1,4,TP,8,1,7340032,7
607,fwd,mlp_column,ALLGATHER,58720256,0.001094,48.8427,8,2,1,4,TP,8,1,7340032,7
608,fwd,mlp_row,REDUCESCATTER,58720256,0.001094,48.9081,8,2,1,4,TP,8,1,7340032,7
609,fwd,attention_column,ALLGATHER,58720256,0.001094,48.9735,8,2,1,4,TP,8,1,7340032,7
610,fwd,attention_row,REDUCESCATTER,58720256,0.001094,49.0389,8,2,1,4,TP,8,1,7340032,7
611,fwd,mlp_column,ALLGATHER,58720256,0.001094,49.1043,8,2,1,4,TP,8,1,7340032,7
612,fwd,mlp_row,REDUCESCATTER,58720256,0.001094,49.1697,8,2,1,4,TP,8,1,7340032,7
613,fwd,attention_column,ALLGATHER,58720256,0.001094,49.2351,8,2,1,4,TP,8,1,7340032,7
614,fwd,attention_row,REDUCESCATTER,58720256,0.001094,49.3005,8,2,1,4,TP,8,1,7340032,7
615,fwd,mlp_column,ALLGATHER,58720256,0.001094,49.3659,8,2,1,4,TP,8,1,7340032,7
616,fwd,mlp_row,REDUCESCATTER,58720256,0.001094,49.4313,8,2,1,4,TP,8,1,7340032,7
617,fwd,attention_column,ALLGATHER,58720256,0.001094,49.4966,8,2,1,4,TP,8,1,7340032,7
618,fwd,attention_row,REDUCESCATTER,58720256,0.001094,49.5620,8,2,1,4,TP,8,1,7340032,7
619,fwd,mlp_column,ALLGATHER,58720256,0.001094,49.6274,8,2,1,4,TP,8,1,7340032,7
620,fwd,mlp_row,REDUCESCATTER,58720256,0.001094,49.6928,8,2,1,4,TP,8,1,7340032,7
621,fwd,attention_column,ALLGATHER,58720256,0.001094,49.7582,8,2,1,4,TP,8,1,7340032,7
622,fwd,attention_row,REDUCESCATTER,58720256,0.001094,49.8236,8,2,1,4,TP,8,1,7340032,7
623,fwd,mlp_column,ALLGATHER,58720256,0.001094,49.8890,8,2,1,4,TP,8,1,7340032,7
624,fwd,mlp_row,REDUCESCATTER,58720256,0.001094,49.9544,8,2,1,4,TP,8,1,7340032,7
625,fwd,attention_column,ALLGATHER,58720256,0.001094,50.0198,8,2,1,4,TP,8,1,7340032,7
626,fwd,attention_row,REDUCESCATTER,58720256,0.001094,50.0852,8,2,1,4,TP,8,1,7340032,7
627,fwd,mlp_column,ALLGATHER,58720256,0.001094,50.1506,8,2,1,4,TP,8,1,7340032,7
628,fwd,mlp_row,REDUCESCATTER,58720256,0.001094,50.2160,8,2,1,4,TP,8,1,7340032,7
629,fwd,attention_column,ALLGATHER,58720256,0.001094,50.2814,8,2,1,4,TP,8,1,7340032,7
630,fwd,attention_row,REDUCESCATTER,58720256,0.001094,50.3468,8,2,1,4,TP,8,1,7340032,7
631,fwd,mlp_column,ALLGATHER,58720256,0.001094,50.4122,8,2,1,4,TP,8,1,7340032,7
632,fwd,mlp_row,REDUCESCATTER,58720256,0.001094,50.4776,8,2,1,4,TP,8,1,7340032,7
633,fwd,attention_column,ALLGATHER,58720256,0.001094,50.5430,8,2,1,4,TP,8,1,7340032,7
634,fwd,attention_row,REDUCESCATTER,58720256,0.001094,50.6084,8,2,1,4,TP,8,1,7340032,7
635,fwd,mlp_column,ALLGATHER,58720256,0.001094,50.6738,8,2,1,4,TP,8,1,7340032,7
636,fwd,mlp_row,REDUCESCATTER,58720256,0.001094,50.7391,8,2,1,4,TP,8,1,7340032,7
637,fwd,attention_column,ALLGATHER,58720256,0.001094,50.8045,8,2,1,4,TP,8,1,7340032,7
638,fwd,attention_row,REDUCESCATTER,58720256,0.001094,50.8699,8,2,1,4,TP,8,1,7340032,7
639,fwd,mlp_column,ALLGATHER,58720256,0.001094,50.9353,8,2,1,4,TP,8,1,7340032,7
640,fwd,mlp_row,REDUCESCATTER,58720256,0.001094,51.0007,8,2,1,4,TP,8,1,7340032,7
641,fwd,attention_column,ALLGATHER,58720256,0.001094,51.0661,8,2,1,4,TP,8,1,7340032,7
642,fwd,attention_row,REDUCESCATTER,58720256,0.001094,51.1315,8,2,1,4,TP,8,1,7340032,7
643,fwd,mlp_column,ALLGATHER,58720256,0.001094,51.1969,8,2,1,4,TP,8,1,7340032,7
644,fwd,mlp_row,REDUCESCATTER,58720256,0.001094,51.2623,8,2,1,4,TP,8,1,7340032,7
645,fwd,attention_column,ALLGATHER,58720256,0.001094,51.3277,8,2,1,4,TP,8,1,7340032,7
646,fwd,attention_row,REDUCESCATTER,58720256,0.001094,51.3931,8,2,1,4,TP,8,1,7340032,7
647,fwd,mlp_column,ALLGATHER,58720256,0.001094,51.4585,8,2,1,4,TP,8,1,7340032,7
648,fwd,mlp_row,REDUCESCATTER,58720256,0.001094,51.5239,8,2,1,4,TP,8,1,7340032,7
649,fwd,attention_column,ALLGATHER,58720256,0.001094,51.5893,8,2,1,4,TP,8,1,7340032,7
650,fwd,attention_row,REDUCESCATTER,58720256,0.001094,51.6547,8,2,1,4,TP,8,1,7340032,7
651,fwd,mlp_column,ALLGATHER,58720256,0.001094,51.7201,8,2,1,4,TP,8,1,7340032,7
652,fwd,mlp_row,REDUCESCATTER,58720256,0.001094,51.7855,8,2,1,4,TP,8,1,7340032,7
653,fwd,attention_column,ALLGATHER,58720256,0.001094,51.8509,8,2,1,4,TP,8,1,7340032,7
654,fwd,attention_row,REDUCESCATTER,58720256,0.001094,51.9162,8,2,1,4,TP,8,1,7340032,7
655,fwd,mlp_column,ALLGATHER,58720256,0.001094,51.9816,8,2,1,4,TP,8,1,7340032,7
656,fwd,mlp_row,REDUCESCATTER,58720256,0.001094,52.0470,8,2,1,4,TP,8,1,7340032,7
657,fwd,attention_column,ALLGATHER,58720256,0.001094,52.1124,8,2,1,4,TP,8,1,7340032,7
658,fwd,attention_row,REDUCESCATTER,58720256,0.001094,52.1778,8,2,1,4,TP,8,1,7340032,7
659,fwd,mlp_column,ALLGATHER,58720256,0.001094,52.2432,8,2,1,4,TP,8,1,7340032,7
660,fwd,mlp_row,REDUCESCATTER,58720256,0.001094,52.3086,8,2,1,4,TP,8,1,7340032,7
661,fwd,attention_column,ALLGATHER,58720256,0.001094,52.3740,8,2,1,4,TP,8,1,7340032,7
662,fwd,attention_row,REDUCESCATTER,58720256,0.001094,52.4394,8,2,1,4,TP,8,1,7340032,7
663,fwd,mlp_column,ALLGATHER,58720256,0.001094,52.5048,8,2,1,4,TP,8,1,7340032,7
664,fwd,mlp_row,REDUCESCATTER,58720256,0.001094,52.5702,8,2,1,4,TP,8,1,7340032,7
665,fwd,attention_column,ALLGATHER,58720256,0.001094,52.6356,8,2,1,4,TP,8,1,7340032,7
666,fwd,attention_row,REDUCESCATTER,58720256,0.001094,52.7010,8,2,1,4,TP,8,1,7340032,7
667,fwd,mlp_column,ALLGATHER,58720256,0.001094,52.7664,8,2,1,4,TP,8,1,7340032,7
668,fwd,mlp_row,REDUCESCATTER,58720256,0.001094,52.8318,8,2,1,4,TP,8,1,7340032,7
669,fwd,attention_column,ALLGATHER,58720256,0.001094,52.8972,8,2,1,4,TP,8,1,7340032,7
670,fwd,attention_row,REDUCESCATTER,58720256,0.001094,52.9626,8,2,1,4,TP,8,1,7340032,7
671,fwd,mlp_column,ALLGATHER,58720256,0.001094,53.0280,8,2,1,4,TP,8,1,7340032,7
672,fwd,mlp_row,REDUCESCATTER,58720256,0.001094,53.0934,8,2,1,4,TP,8,1,7340032,7
673,fwd,attention_column,ALLGATHER,58720256,0.001094,53.1587,8,2,1,4,TP,8,1,7340032,7
674,fwd,attention_row,REDUCESCATTER,58720256,0.001094,53.2241,8,2,1,4,TP,8,1,7340032,7
675,fwd,mlp_column,ALLGATHER,58720256,0.001094,53.2895,8,2,1,4,TP,8,1,7340032,7
676,fwd,mlp_row,REDUCESCATTER,58720256,0.001094,53.3549,8,2,1,4,TP,8,1,7340032,7
677,fwd,attention_column,ALLGATHER,58720256,0.001094,53.4203,8,2,1,4,TP,8,1,7340032,7
678,fwd,attention_row,REDUCESCATTER,58720256,0.001094,53.4857,8,2,1,4,TP,8,1,7340032,7
679,fwd,mlp_column,ALLGATHER,58720256,0.001094,53.5511,8,2,1,4,TP,8,1,7340032,7
680,fwd,mlp_row,REDUCESCATTER,58720256,0.001094,53.6165,8,2,1,4,TP,8,1,7340032,7
681,fwd,attention_column,ALLGATHER,58720256,0.001094,53.6819,8,2,1,4,TP,8,1,7340032,7
682,fwd,attention_row,REDUCESCATTER,58720256,0.001094,53.7473,8,2,1,4,TP,8,1,7340032,7
683,fwd,mlp_column,ALLGATHER,58720256,0.001094,53.8127,8,2,1,4,TP,8,1,7340032,7
684,fwd,mlp_row,REDUCESCATTER,58720256,0.001094,53.8781,8,2,1,4,TP,8,1,7340032,7
685,fwd,attention_column,ALLGATHER,58720256,0.001094,53.9435,8,2,1,4,TP,8,1,7340032,7
686,fwd,attention_row,REDUCESCATTER,58720256,0.001094,54.0089,8,2,1,4,TP,8,1,7340032,7
687,fwd,mlp_column,ALLGATHER,58720256,0.001094,54.0743,8,2,1,4,TP,8,1,7340032,7
688,fwd,mlp_row,REDUCESCATTER,58720256,0.001094,54.1397,8,2,1,4,TP,8,1,7340032,7
689,fwd,attention_column,ALLGATHER,58720256,0.001094,54.2051,8,2,1,4,TP,8,1,7340032,7
690,fwd,attention_row,REDUCESCATTER,58720256,0.001094,54.2705,8,2,1,4,TP,8,1,7340032,7
691,fwd,mlp_column,ALLGATHER,58720256,0.001094,54.3358,8,2,1,4,TP,8,1,7340032,7
692,fwd,mlp_row,REDUCESCATTER,58720256,0.001094,54.4012,8,2,1,4,TP,8,1,7340032,7
693,fwd,attention_column,ALLGATHER,58720256,0.001094,54.4666,8,2,1,4,TP,8,1,7340032,7
694,fwd,attention_row,REDUCESCATTER,58720256,0.001094,54.5320,8,2,1,4,TP,8,1,7340032,7
695,fwd,mlp_column,ALLGATHER,58720256,0.001094,54.5974,8,2,1,4,TP,8,1,7340032,7
696,fwd,mlp_row,REDUCESCATTER,58720256,0.001094,54.6628,8,2,1,4,TP,8,1,7340032,7
697,fwd,attention_column,ALLGATHER,58720256,0.001094,54.7282,8,2,1,4,TP,8,1,7340032,7
698,fwd,attention_row,REDUCESCATTER,58720256,0.001094,54.7936,8,2,1,4,TP,8,1,7340032,7
699,fwd,mlp_column,ALLGATHER,58720256,0.001094,54.8590,8,2,1,4,TP,8,1,7340032,7
700,fwd,mlp_row,REDUCESCATTER,58720256,0.001094,54.9244,8,2,1,4,TP,8,1,7340032,7
701,fwd,attention_column,ALLGATHER,58720256,0.001094,54.9898,8,2,1,4,TP,8,1,7340032,7
702,fwd,attention_row,REDUCESCATTER,58720256,0.001094,55.0552,8,2,1,4,TP,8,1,7340032,7
703,fwd,mlp_column,ALLGATHER,58720256,0.001094,55.1206,8,2,1,4,TP,8,1,7340032,7
704,fwd,mlp_row,REDUCESCATTER,58720256,0.001094,55.1860,8,2,1,4,TP,8,1,7340032,7
705,fwd,attention_column,ALLGATHER,58720256,0.001094,55.2514,8,2,1,4,TP,8,1,7340032,7
706,fwd,attention_row,REDUCESCATTER,58720256,0.001094,55.3168,8,2,1,4,TP,8,1,7340032,7
707,fwd,mlp_column,ALLGATHER,58720256,0.001094,55.3822,8,2,1,4,TP,8,1,7340032,7
708,fwd,mlp_row,REDUCESCATTER,58720256,0.001094,55.4476,8,2,1,4,TP,8,1,7340032,7
709,fwd,attention_column,ALLGATHER,58720256,0.001094,55.5129,8,2,1,4,TP,8,1,7340032,7
710,fwd,attention_row,REDUCESCATTER,58720256,0.001094,55.5783,8,2,1,4,TP,8,1,7340032,7
711,fwd,mlp_column,ALLGATHER,58720256,0.001094,55.6437,8,2,1,4,TP,8,1,7340032,7
712,fwd,mlp_row,REDUCESCATTER,58720256,0.001094,55.7091,8,2,1,4,TP,8,1,7340032,7
713,fwd,attention_column,ALLGATHER,58720256,0.001094,55.7745,8,2,1,4,TP,8,1,7340032,7
714,fwd,attention_row,REDUCESCATTER,58720256,0.001094,55.8399,8,2,1,4,TP,8,1,7340032,7
715,fwd,mlp_column,ALLGATHER,58720256,0.001094,55.9053,8,2,1,4,TP,8,1,7340032,7
716,fwd,mlp_row,REDUCESCATTER,58720256,0.001094,55.9707,8,2,1,4,TP,8,1,7340032,7
717,fwd,attention_column,ALLGATHER,58720256,0.001094,56.0361,8,2,1,4,TP,8,1,7340032,7
718,fwd,attention_row,REDUCESCATTER,58720256,0.001094,56.1015,8,2,1,4,TP,8,1,7340032,7
719,fwd,mlp_column,ALLGATHER,58720256,0.001094,56.1669,8,2,1,4,TP,8,1,7340032,7
720,fwd,mlp_row,REDUCESCATTER,58720256,0.001094,56.2323,8,2,1,4,TP,8,1,7340032,7
721,fwd,attention_column,ALLGATHER,58720256,0.001094,56.2977,8,2,1,4,TP,8,1,7340032,7
722,fwd,attention_row,REDUCESCATTER,58720256,0.001094,56.3631,8,2,1,4,TP,8,1,7340032,7
723,fwd,mlp_column,ALLGATHER,58720256,0.001094,56.4285,8,2,1,4,TP,8,1,7340032,7
724,fwd,mlp_row,REDUCESCATTER,58720256,0.001094,56.4939,8,2,1,4,TP,8,1,7340032,7
725,fwd,attention_column,ALLGATHER,58720256,0.001094,56.5593,8,2,1,4,TP,8,1,7340032,7
726,fwd,attention_row,REDUCESCATTER,58720256,0.001094,56.6247,8,2,1,4,TP,8,1,7340032,7
727,fwd,mlp_column,ALLGATHER,58720256,0.001094,56.6901,8,2,1,4,TP,8,1,7340032,7
728,fwd,mlp_row,REDUCESCATTER,58720256,0.001094,56.7554,8,2,1,4,TP,8,1,7340032,7
729,fwd,final_column,ALLGATHER,58720256,0.001094,56.8208,8,2,1,4,TP,8,1,7340032,7
730,fwd,embedding_norm,ALLREDUCE,458752000,0.017090,57.8426,8,2,1,4,UNKNOWN,8,1,57344000,14
731,fwd,attention_column,ALLGATHER,58720256,0.001094,57.9080,8,2,1,4,TP,8,1,7340032,7
732,fwd,attention_row,REDUCESCATTER,58720256,0.001094,57.9734,8,2,1,4,TP,8,1,7340032,7
733,fwd,mlp_column,ALLGATHER,58720256,0.001094,58.0388,8,2,1,4,TP,8,1,7340032,7
734,fwd,mlp_row,REDUCESCATTER,58720256,0.001094,58.1042,8,2,1,4,TP,8,1,7340032,7
735,fwd,attention_column,ALLGATHER,58720256,0.001094,58.1696,8,2,1,4,TP,8,1,7340032,7
736,fwd,attention_row,REDUCESCATTER,58720256,0.001094,58.2350,8,2,1,4,TP,8,1,7340032,7
737,fwd,mlp_column,ALLGATHER,58720256,0.001094,58.3004,8,2,1,4,TP,8,1,7340032,7
738,fwd,mlp_row,REDUCESCATTER,58720256,0.001094,58.3658,8,2,1,4,TP,8,1,7340032,7
739,fwd,attention_column,ALLGATHER,58720256,0.001094,58.4312,8,2,1,4,TP,8,1,7340032,7
740,fwd,attention_row,REDUCESCATTER,58720256,0.001094,58.4966,8,2,1,4,TP,8,1,7340032,7
741,fwd,mlp_column,ALLGATHER,58720256,0.001094,58.5620,8,2,1,4,TP,8,1,7340032,7
742,fwd,mlp_row,REDUCESCATTER,58720256,0.001094,58.6274,8,2,1,4,TP,8,1,7340032,7
743,fwd,attention_column,ALLGATHER,58720256,0.001094,58.6928,8,2,1,4,TP,8,1,7340032,7
744,fwd,attention_row,REDUCESCATTER,58720256,0.001094,58.7582,8,2,1,4,TP,8,1,7340032,7
745,fwd,mlp_column,ALLGATHER,58720256,0.001094,58.8235,8,2,1,4,TP,8,1,7340032,7
746,fwd,mlp_row,REDUCESCATTER,58720256,0.001094,58.8889,8,2,1,4,TP,8,1,7340032,7
747,fwd,attention_column,ALLGATHER,58720256,0.001094,58.9543,8,2,1,4,TP,8,1,7340032,7
748,fwd,attention_row,REDUCESCATTER,58720256,0.001094,59.0197,8,2,1,4,TP,8,1,7340032,7
749,fwd,mlp_column,ALLGATHER,58720256,0.001094,59.0851,8,2,1,4,TP,8,1,7340032,7
750,fwd,mlp_row,REDUCESCATTER,58720256,0.001094,59.1505,8,2,1,4,TP,8,1,7340032,7
751,fwd,attention_column,ALLGATHER,58720256,0.001094,59.2159,8,2,1,4,TP,8,1,7340032,7
752,fwd,attention_row,REDUCESCATTER,58720256,0.001094,59.2813,8,2,1,4,TP,8,1,7340032,7
753,fwd,mlp_column,ALLGATHER,58720256,0.001094,59.3467,8,2,1,4,TP,8,1,7340032,7
754,fwd,mlp_row,REDUCESCATTER,58720256,0.001094,59.4121,8,2,1,4,TP,8,1,7340032,7
755,fwd,attention_column,ALLGATHER,58720256,0.001094,59.4775,8,2,1,4,TP,8,1,7340032,7
756,fwd,attention_row,REDUCESCATTER,58720256,0.001094,59.5429,8,2,1,4,TP,8,1,7340032,7
757,fwd,mlp_column,ALLGATHER,58720256,0.001094,59.6083,8,2,1,4,TP,8,1,7340032,7
758,fwd,mlp_row,REDUCESCATTER,58720256,0.001094,59.6737,8,2,1,4,TP,8,1,7340032,7
759,fwd,attention_column,ALLGATHER,58720256,0.001094,59.7391,8,2,1,4,TP,8,1,7340032,7
760,fwd,attention_row,REDUCESCATTER,58720256,0.001094,59.8045,8,2,1,4,TP,8,1,7340032,7
761,fwd,mlp_column,ALLGATHER,58720256,0.001094,59.8699,8,2,1,4,TP,8,1,7340032,7
762,fwd,mlp_row,REDUCESCATTER,58720256,0.001094,59.9353,8,2,1,4,TP,8,1,7340032,7
763,fwd,attention_column,ALLGATHER,58720256,0.001094,60.0006,8,2,1,4,TP,8,1,7340032,7
764,fwd,attention_row,REDUCESCATTER,58720256,0.001094,60.0660,8,2,1,4,TP,8,1,7340032,7
765,fwd,mlp_column,ALLGATHER,58720256,0.001094,60.1314,8,2,1,4,TP,8,1,7340032,7
766,fwd,mlp_row,REDUCESCATTER,58720256,0.001094,60.1968,8,2,1,4,TP,8,1,7340032,7
767,fwd,attention_column,ALLGATHER,58720256,0.001094,60.2622,8,2,1,4,TP,8,1,7340032,7
768,fwd,attention_row,REDUCESCATTER,58720256,0.001094,60.3276,8,2,1,4,TP,8,1,7340032,7
769,fwd,mlp_column,ALLGATHER,58720256,0.001094,60.3930,8,2,1,4,TP,8,1,7340032,7
770,fwd,mlp_row,REDUCESCATTER,58720256,0.001094,60.4584,8,2,1,4,TP,8,1,7340032,7
771,fwd,attention_column,ALLGATHER,58720256,0.001094,60.5238,8,2,1,4,TP,8,1,7340032,7
772,fwd,attention_row,REDUCESCATTER,58720256,0.001094,60.5892,8,2,1,4,TP,8,1,7340032,7
773,fwd,mlp_column,ALLGATHER,58720256,0.001094,60.6546,8,2,1,4,TP,8,1,7340032,7
774,fwd,mlp_row,REDUCESCATTER,58720256,0.001094,60.7200,8,2,1,4,TP,8,1,7340032,7
775,fwd,attention_column,ALLGATHER,58720256,0.001094,60.7854,8,2,1,4,TP,8,1,7340032,7
776,fwd,attention_row,REDUCESCATTER,58720256,0.001094,60.8508,8,2,1,4,TP,8,1,7340032,7
777,fwd,mlp_column,ALLGATHER,58720256,0.001094,60.9162,8,2,1,4,TP,8,1,7340032,7
778,fwd,mlp_row,REDUCESCATTER,58720256,0.001094,60.9816,8,2,1,4,TP,8,1,7340032,7
779,fwd,attention_column,ALLGATHER,58720256,0.001094,61.0470,8,2,1,4,TP,8,1,7340032,7
780,fwd,attention_row,REDUCESCATTER,58720256,0.001094,61.1124,8,2,1,4,TP,8,1,7340032,7
781,fwd,mlp_column,ALLGATHER,58720256,0.001094,61.1778,8,2,1,4,TP,8,1,7340032,7
782,fwd,mlp_row,REDUCESCATTER,58720256,0.001094,61.2431,8,2,1,4,TP,8,1,7340032,7
783,fwd,attention_column,ALLGATHER,58720256,0.001094,61.3085,8,2,1,4,TP,8,1,7340032,7
784,fwd,attention_row,REDUCESCATTER,58720256,0.001094,61.3739,8,2,1,4,TP,8,1,7340032,7
785,fwd,mlp_column,ALLGATHER,58720256,0.001094,61.4393,8,2,1,4,TP,8,1,7340032,7
786,fwd,mlp_row,REDUCESCATTER,58720256,0.001094,61.5047,8,2,1,4,TP,8,1,7340032,7
787,fwd,attention_column,ALLGATHER,58720256,0.001094,61.5701,8,2,1,4,TP,8,1,7340032,7
788,fwd,attention_row,REDUCESCATTER,58720256,0.001094,61.6355,8,2,1,4,TP,8,1,7340032,7
789,fwd,mlp_column,ALLGATHER,58720256,0.001094,61.7009,8,2,1,4,TP,8,1,7340032,7
790,fwd,mlp_row,REDUCESCATTER,58720256,0.001094,61.7663,8,2,1,4,TP,8,1,7340032,7
791,fwd,attention_column,ALLGATHER,58720256,0.001094,61.8317,8,2,1,4,TP,8,1,7340032,7
792,fwd,attention_row,REDUCESCATTER,58720256,0.001094,61.8971,8,2,1,4,TP,8,1,7340032,7
793,fwd,mlp_column,ALLGATHER,58720256,0.001094,61.9625,8,2,1,4,TP,8,1,7340032,7
794,fwd,mlp_row,REDUCESCATTER,58720256,0.001094,62.0279,8,2,1,4,TP,8,1,7340032,7
795,fwd,attention_column,ALLGATHER,58720256,0.001094,62.0933,8,2,1,4,TP,8,1,7340032,7
796,fwd,attention_row,REDUCESCATTER,58720256,0.001094,62.1587,8,2,1,4,TP,8,1,7340032,7
797,fwd,mlp_column,ALLGATHER,58720256,0.001094,62.2241,8,2,1,4,TP,8,1,7340032,7
798,fwd,mlp_row,REDUCESCATTER,58720256,0.001094,62.2895,8,2,1,4,TP,8,1,7340032,7
799,fwd,attention_column,ALLGATHER,58720256,0.001094,62.3549,8,2,1,4,TP,8,1,7340032,7
800,fwd,attention_row,REDUCESCATTER,58720256,0.001094,62.4202,8,2,1,4,TP,8,1,7340032,7
801,fwd,mlp_column,ALLGATHER,58720256,0.001094,62.4856,8,2,1,4,TP,8,1,7340032,7
802,fwd,mlp_row,REDUCESCATTER,58720256,0.001094,62.5510,8,2,1,4,TP,8,1,7340032,7
803,fwd,attention_column,ALLGATHER,58720256,0.001094,62.6164,8,2,1,4,TP,8,1,7340032,7
804,fwd,attention_row,REDUCESCATTER,58720256,0.001094,62.6818,8,2,1,4,TP,8,1,7340032,7
805,fwd,mlp_column,ALLGATHER,58720256,0.001094,62.7472,8,2,1,4,TP,8,1,7340032,7
806,fwd,mlp_row,REDUCESCATTER,58720256,0.001094,62.8126,8,2,1,4,TP,8,1,7340032,7
807,fwd,attention_column,ALLGATHER,58720256,0.001094,62.8780,8,2,1,4,TP,8,1,7340032,7
808,fwd,attention_row,REDUCESCATTER,58720256,0.001094,62.9434,8,2,1,4,TP,8,1,7340032,7
809,fwd,mlp_column,ALLGATHER,58720256,0.001094,63.0088,8,2,1,4,TP,8,1,7340032,7
810,fwd,mlp_row,REDUCESCATTER,58720256,0.001094,63.0742,8,2,1,4,TP,8,1,7340032,7
811,fwd,attention_column,ALLGATHER,58720256,0.001094,63.1396,8,2,1,4,TP,8,1,7340032,7
812,fwd,attention_row,REDUCESCATTER,58720256,0.001094,63.2050,8,2,1,4,TP,8,1,7340032,7
813,fwd,mlp_column,ALLGATHER,58720256,0.001094,63.2704,8,2,1,4,TP,8,1,7340032,7
814,fwd,mlp_row,REDUCESCATTER,58720256,0.001094,63.3358,8,2,1,4,TP,8,1,7340032,7
815,fwd,attention_column,ALLGATHER,58720256,0.001094,63.4012,8,2,1,4,TP,8,1,7340032,7
816,fwd,attention_row,REDUCESCATTER,58720256,0.001094,63.4666,8,2,1,4,TP,8,1,7340032,7
817,fwd,mlp_column,ALLGATHER,58720256,0.001094,63.5320,8,2,1,4,TP,8,1,7340032,7
818,fwd,mlp_row,REDUCESCATTER,58720256,0.001094,63.5973,8,2,1,4,TP,8,1,7340032,7
819,fwd,attention_column,ALLGATHER,58720256,0.001094,63.6627,8,2,1,4,TP,8,1,7340032,7
820,fwd,attention_row,REDUCESCATTER,58720256,0.001094,63.7281,8,2,1,4,TP,8,1,7340032,7
821,fwd,mlp_column,ALLGATHER,58720256,0.001094,63.7935,8,2,1,4,TP,8,1,7340032,7
822,fwd,mlp_row,REDUCESCATTER,58720256,0.001094,63.8589,8,2,1,4,TP,8,1,7340032,7
823,fwd,attention_column,ALLGATHER,58720256,0.001094,63.9243,8,2,1,4,TP,8,1,7340032,7
824,fwd,attention_row,REDUCESCATTER,58720256,0.001094,63.9897,8,2,1,4,TP,8,1,7340032,7
825,fwd,mlp_column,ALLGATHER,58720256,0.001094,64.0551,8,2,1,4,TP,8,1,7340032,7
826,fwd,mlp_row,REDUCESCATTER,58720256,0.001094,64.1205,8,2,1,4,TP,8,1,7340032,7
827,fwd,attention_column,ALLGATHER,58720256,0.001094,64.1859,8,2,1,4,TP,8,1,7340032,7
828,fwd,attention_row,REDUCESCATTER,58720256,0.001094,64.2513,8,2,1,4,TP,8,1,7340032,7
829,fwd,mlp_column,ALLGATHER,58720256,0.001094,64.3167,8,2,1,4,TP,8,1,7340032,7
830,fwd,mlp_row,REDUCESCATTER,58720256,0.001094,64.3821,8,2,1,4,TP,8,1,7340032,7
831,fwd,attention_column,ALLGATHER,58720256,0.001094,64.4475,8,2,1,4,TP,8,1,7340032,7
832,fwd,attention_row,REDUCESCATTER,58720256,0.001094,64.5129,8,2,1,4,TP,8,1,7340032,7
833,fwd,mlp_column,ALLGATHER,58720256,0.001094,64.5783,8,2,1,4,TP,8,1,7340032,7
834,fwd,mlp_row,REDUCESCATTER,58720256,0.001094,64.6437,8,2,1,4,TP,8,1,7340032,7
835,fwd,attention_column,ALLGATHER,58720256,0.001094,64.7091,8,2,1,4,TP,8,1,7340032,7
836,fwd,attention_row,REDUCESCATTER,58720256,0.001094,64.7745,8,2,1,4,TP,8,1,7340032,7
837,fwd,mlp_column,ALLGATHER,58720256,0.001094,64.8398,8,2,1,4,TP,8,1,7340032,7
838,fwd,mlp_row,REDUCESCATTER,58720256,0.001094,64.9052,8,2,1,4,TP,8,1,7340032,7
839,fwd,attention_column,ALLGATHER,58720256,0.001094,64.9706,8,2,1,4,TP,8,1,7340032,7
840,fwd,attention_row,REDUCESCATTER,58720256,0.001094,65.0360,8,2,1,4,TP,8,1,7340032,7
841,fwd,mlp_column,ALLGATHER,58720256,0.001094,65.1014,8,2,1,4,TP,8,1,7340032,7
842,fwd,mlp_row,REDUCESCATTER,58720256,0.001094,65.1668,8,2,1,4,TP,8,1,7340032,7
843,fwd,attention_column,ALLGATHER,58720256,0.001094,65.2322,8,2,1,4,TP,8,1,7340032,7
844,fwd,attention_row,REDUCESCATTER,58720256,0.001094,65.2976,8,2,1,4,TP,8,1,7340032,7
845,fwd,mlp_column,ALLGATHER,58720256,0.001094,65.3630,8,2,1,4,TP,8,1,7340032,7
846,fwd,mlp_row,REDUCESCATTER,58720256,0.001094,65.4284,8,2,1,4,TP,8,1,7340032,7
847,fwd,attention_column,ALLGATHER,58720256,0.001094,65.4938,8,2,1,4,TP,8,1,7340032,7
848,fwd,attention_row,REDUCESCATTER,58720256,0.001094,65.5592,8,2,1,4,TP,8,1,7340032,7
849,fwd,mlp_column,ALLGATHER,58720256,0.001094,65.6246,8,2,1,4,TP,8,1,7340032,7
850,fwd,mlp_row,REDUCESCATTER,58720256,0.001094,65.6900,8,2,1,4,TP,8,1,7340032,7
851,fwd,attention_column,ALLGATHER,58720256,0.001094,65.7554,8,2,1,4,TP,8,1,7340032,7
852,fwd,attention_row,REDUCESCATTER,58720256,0.001094,65.8208,8,2,1,4,TP,8,1,7340032,7
853,fwd,mlp_column,ALLGATHER,58720256,0.001094,65.8862,8,2,1,4,TP,8,1,7340032,7
854,fwd,mlp_row,REDUCESCATTER,58720256,0.001094,65.9516,8,2,1,4,TP,8,1,7340032,7
855,fwd,attention_column,ALLGATHER,58720256,0.001094,66.0169,8,2,1,4,TP,8,1,7340032,7
856,fwd,attention_row,REDUCESCATTER,58720256,0.001094,66.0823,8,2,1,4,TP,8,1,7340032,7
857,fwd,mlp_column,ALLGATHER,58720256,0.001094,66.1477,8,2,1,4,TP,8,1,7340032,7
858,fwd,mlp_row,REDUCESCATTER,58720256,0.001094,66.2131,8,2,1,4,TP,8,1,7340032,7
859,fwd,attention_column,ALLGATHER,58720256,0.001094,66.2785,8,2,1,4,TP,8,1,7340032,7
860,fwd,attention_row,REDUCESCATTER,58720256,0.001094,66.3439,8,2,1,4,TP,8,1,7340032,7
861,fwd,mlp_column,ALLGATHER,58720256,0.001094,66.4093,8,2,1,4,TP,8,1,7340032,7
862,fwd,mlp_row,REDUCESCATTER,58720256,0.001094,66.4747,8,2,1,4,TP,8,1,7340032,7
863,fwd,attention_column,ALLGATHER,58720256,0.001094,66.5401,8,2,1,4,TP,8,1,7340032,7
864,fwd,attention_row,REDUCESCATTER,58720256,0.001094,66.6055,8,2,1,4,TP,8,1,7340032,7
865,fwd,mlp_column,ALLGATHER,58720256,0.001094,66.6709,8,2,1,4,TP,8,1,7340032,7
866,fwd,mlp_row,REDUCESCATTER,58720256,0.001094,66.7363,8,2,1,4,TP,8,1,7340032,7
867,fwd,attention_column,ALLGATHER,58720256,0.001094,66.8017,8,2,1,4,TP,8,1,7340032,7
868,fwd,attention_row,REDUCESCATTER,58720256,0.001094,66.8671,8,2,1,4,TP,8,1,7340032,7
869,fwd,mlp_column,ALLGATHER,58720256,0.001094,66.9325,8,2,1,4,TP,8,1,7340032,7
870,fwd,mlp_row,REDUCESCATTER,58720256,0.001094,66.9979,8,2,1,4,TP,8,1,7340032,7
871,fwd,attention_column,ALLGATHER,58720256,0.001094,67.0633,8,2,1,4,TP,8,1,7340032,7
872,fwd,attention_row,REDUCESCATTER,58720256,0.001094,67.1287,8,2,1,4,TP,8,1,7340032,7
873,fwd,mlp_column,ALLGATHER,58720256,0.001094,67.1941,8,2,1,4,TP,8,1,7340032,7
874,fwd,mlp_row,REDUCESCATTER,58720256,0.001094,67.2594,8,2,1,4,TP,8,1,7340032,7
875,fwd,final_column,ALLGATHER,58720256,0.001094,67.3248,8,2,1,4,TP,8,1,7340032,7
876,fwd,embedding_norm,ALLREDUCE,458752000,0.017090,68.3466,8,2,1,4,UNKNOWN,8,1,57344000,14
877,fwd,attention_column,ALLGATHER,58720256,0.001094,68.4120,8,2,1,4,TP,8,1,7340032,7
878,fwd,attention_row,REDUCESCATTER,58720256,0.001094,68.4774,8,2,1,4,TP,8,1,7340032,7
879,fwd,mlp_column,ALLGATHER,58720256,0.001094,68.5428,8,2,1,4,TP,8,1,7340032,7
880,fwd,mlp_row,REDUCESCATTER,58720256,0.001094,68.6082,8,2,1,4,TP,8,1,7340032,7
881,fwd,attention_column,ALLGATHER,58720256,0.001094,68.6736,8,2,1,4,TP,8,1,7340032,7
882,fwd,attention_row,REDUCESCATTER,58720256,0.001094,68.7390,8,2,1,4,TP,8,1,7340032,7
883,fwd,mlp_column,ALLGATHER,58720256,0.001094,68.8044,8,2,1,4,TP,8,1,7340032,7
884,fwd,mlp_row,REDUCESCATTER,58720256,0.001094,68.8698,8,2,1,4,TP,8,1,7340032,7
885,fwd,attention_column,ALLGATHER,58720256,0.001094,68.9352,8,2,1,4,TP,8,1,7340032,7
886,fwd,attention_row,REDUCESCATTER,58720256,0.001094,69.0006,8,2,1,4,TP,8,1,7340032,7
887,fwd,mlp_column,ALLGATHER,58720256,0.001094,69.0660,8,2,1,4,TP,8,1,7340032,7
888,fwd,mlp_row,REDUCESCATTER,58720256,0.001094,69.1314,8,2,1,4,TP,8,1,7340032,7
889,fwd,attention_column,ALLGATHER,58720256,0.001094,69.1968,8,2,1,4,TP,8,1,7340032,7
890,fwd,attention_row,REDUCESCATTER,58720256,0.001094,69.2622,8,2,1,4,TP,8,1,7340032,7
891,fwd,mlp_column,ALLGATHER,58720256,0.001094,69.3275,8,2,1,4,TP,8,1,7340032,7
892,fwd,mlp_row,REDUCESCATTER,58720256,0.001094,69.3929,8,2,1,4,TP,8,1,7340032,7
893,fwd,attention_column,ALLGATHER,58720256,0.001094,69.4583,8,2,1,4,TP,8,1,7340032,7
894,fwd,attention_row,REDUCESCATTER,58720256,0.001094,69.5237,8,2,1,4,TP,8,1,7340032,7
895,fwd,mlp_column,ALLGATHER,58720256,0.001094,69.5891,8,2,1,4,TP,8,1,7340032,7
896,fwd,mlp_row,REDUCESCATTER,58720256,0.001094,69.6545,8,2,1,4,TP,8,1,7340032,7
897,fwd,attention_column,ALLGATHER,58720256,0.001094,69.7199,8,2,1,4,TP,8,1,7340032,7
898,fwd,attention_row,REDUCESCATTER,58720256,0.001094,69.7853,8,2,1,4,TP,8,1,7340032,7
899,fwd,mlp_column,ALLGATHER,58720256,0.001094,69.8507,8,2,1,4,TP,8,1,7340032,7
900,fwd,mlp_row,REDUCESCATTER,58720256,0.001094,69.9161,8,2,1,4,TP,8,1,7340032,7
901,fwd,attention_column,ALLGATHER,58720256,0.001094,69.9815,8,2,1,4,TP,8,1,7340032,7
902,fwd,attention_row,REDUCESCATTER,58720256,0.001094,70.0469,8,2,1,4,TP,8,1,7340032,7
903,fwd,mlp_column,ALLGATHER,58720256,0.001094,70.1123,8,2,1,4,TP,8,1,7340032,7
904,fwd,mlp_row,REDUCESCATTER,58720256,0.001094,70.1777,8,2,1,4,TP,8,1,7340032,7
905,fwd,attention_column,ALLGATHER,58720256,0.001094,70.2431,8,2,1,4,TP,8,1,7340032,7
906,fwd,attention_row,REDUCESCATTER,58720256,0.001094,70.3085,8,2,1,4,TP,8,1,7340032,7
907,fwd,mlp_column,ALLGATHER,58720256,0.001094,70.3739,8,2,1,4,TP,8,1,7340032,7
908,fwd,mlp_row,REDUCESCATTER,58720256,0.001094,70.4393,8,2,1,4,TP,8,1,7340032,7
909,fwd,attention_column,ALLGATHER,58720256,0.001094,70.5046,8,2,1,4,TP,8,1,7340032,7
910,fwd,attention_row,REDUCESCATTER,58720256,0.001094,70.5700,8,2,1,4,TP,8,1,7340032,7
911,fwd,mlp_column,ALLGATHER,58720256,0.001094,70.6354,8,2,1,4,TP,8,1,7340032,7
912,fwd,mlp_row,REDUCESCATTER,58720256,0.001094,70.7008,8,2,1,4,TP,8,1,7340032,7
913,fwd,attention_column,ALLGATHER,58720256,0.001094,70.7662,8,2,1,4,TP,8,1,7340032,7
914,fwd,attention_row,REDUCESCATTER,58720256,0.001094,70.8316,8,2,1,4,TP,8,1,7340032,7
915,fwd,mlp_column,ALLGATHER,58720256,0.001094,70.8970,8,2,1,4,TP,8,1,7340032,7
916,fwd,mlp_row,REDUCESCATTER,58720256,0.001094,70.9624,8,2,1,4,TP,8,1,7340032,7
917,fwd,attention_column,ALLGATHER,58720256,0.001094,71.0278,8,2,1,4,TP,8,1,7340032,7
918,fwd,attention_row,REDUCESCATTER,58720256,0.001094,71.0932,8,2,1,4,TP,8,1,7340032,7
919,fwd,mlp_column,ALLGATHER,58720256,0.001094,71.1586,8,2,1,4,TP,8,1,7340032,7
920,fwd,mlp_row,REDUCESCATTER,58720256,0.001094,71.2240,8,2,1,4,TP,8,1,7340032,7
921,fwd,attention_column,ALLGATHER,58720256,0.001094,71.2894,8,2,1,4,TP,8,1,7340032,7
922,fwd,attention_row,REDUCESCATTER,58720256,0.001094,71.3548,8,2,1,4,TP,8,1,7340032,7
923,fwd,mlp_column,ALLGATHER,58720256,0.001094,71.4202,8,2,1,4,TP,8,1,7340032,7
924,fwd,mlp_row,REDUCESCATTER,58720256,0.001094,71.4856,8,2,1,4,TP,8,1,7340032,7
925,fwd,attention_column,ALLGATHER,58720256,0.001094,71.5510,8,2,1,4,TP,8,1,7340032,7
926,fwd,attention_row,REDUCESCATTER,58720256,0.001094,71.6164,8,2,1,4,TP,8,1,7340032,7
927,fwd,mlp_column,ALLGATHER,58720256,0.001094,71.6818,8,2,1,4,TP,8,1,7340032,7
928,fwd,mlp_row,REDUCESCATTER,58720256,0.001094,71.7471,8,2,1,4,TP,8,1,7340032,7
929,fwd,attention_column,ALLGATHER,58720256,0.001094,71.8125,8,2,1,4,TP,8,1,7340032,7
930,fwd,attention_row,REDUCESCATTER,58720256,0.001094,71.8779,8,2,1,4,TP,8,1,7340032,7
931,fwd,mlp_column,ALLGATHER,58720256,0.001094,71.9433,8,2,1,4,TP,8,1,7340032,7
932,fwd,mlp_row,REDUCESCATTER,58720256,0.001094,72.0087,8,2,1,4,TP,8,1,7340032,7
933,fwd,attention_column,ALLGATHER,58720256,0.001094,72.0741,8,2,1,4,TP,8,1,7340032,7
934,fwd,attention_row,REDUCESCATTER,58720256,0.001094,72.1395,8,2,1,4,TP,8,1,7340032,7
935,fwd,mlp_column,ALLGATHER,58720256,0.001094,72.2049,8,2,1,4,TP,8,1,7340032,7
936,fwd,mlp_row,REDUCESCATTER,58720256,0.001094,72.2703,8,2,1,4,TP,8,1,7340032,7
937,fwd,attention_column,ALLGATHER,58720256,0.001094,72.3357,8,2,1,4,TP,8,1,7340032,7
938,fwd,attention_row,REDUCESCATTER,58720256,0.001094,72.4011,8,2,1,4,TP,8,1,7340032,7
939,fwd,mlp_column,ALLGATHER,58720256,0.001094,72.4665,8,2,1,4,TP,8,1,7340032,7
940,fwd,mlp_row,REDUCESCATTER,58720256,0.001094,72.5319,8,2,1,4,TP,8,1,7340032,7
941,fwd,attention_column,ALLGATHER,58720256,0.001094,72.5973,8,2,1,4,TP,8,1,7340032,7
942,fwd,attention_row,REDUCESCATTER,58720256,0.001094,72.6627,8,2,1,4,TP,8,1,7340032,7
943,fwd,mlp_column,ALLGATHER,58720256,0.001094,72.7281,8,2,1,4,TP,8,1,7340032,7
944,fwd,mlp_row,REDUCESCATTER,58720256,0.001094,72.7935,8,2,1,4,TP,8,1,7340032,7
945,fwd,attention_column,ALLGATHER,58720256,0.001094,72.8589,8,2,1,4,TP,8,1,7340032,7
946,fwd,attention_row,REDUCESCATTER,58720256,0.001094,72.9242,8,2,1,4,TP,8,1,7340032,7
947,fwd,mlp_column,ALLGATHER,58720256,0.001094,72.9896,8,2,1,4,TP,8,1,7340032,7
948,fwd,mlp_row,REDUCESCATTER,58720256,0.001094,73.0550,8,2,1,4,TP,8,1,7340032,7
949,fwd,attention_column,ALLGATHER,58720256,0.001094,73.1204,8,2,1,4,TP,8,1,7340032,7
950,fwd,attention_row,REDUCESCATTER,58720256,0.001094,73.1858,8,2,1,4,TP,8,1,7340032,7
951,fwd,mlp_column,ALLGATHER,58720256,0.001094,73.2512,8,2,1,4,TP,8,1,7340032,7
952,fwd,mlp_row,REDUCESCATTER,58720256,0.001094,73.3166,8,2,1,4,TP,8,1,7340032,7
953,fwd,attention_column,ALLGATHER,58720256,0.001094,73.3820,8,2,1,4,TP,8,1,7340032,7
954,fwd,attention_row,REDUCESCATTER,58720256,0.001094,73.4474,8,2,1,4,TP,8,1,7340032,7
955,fwd,mlp_column,ALLGATHER,58720256,0.001094,73.5128,8,2,1,4,TP,8,1,7340032,7
956,fwd,mlp_row,REDUCESCATTER,58720256,0.001094,73.5782,8,2,1,4,TP,8,1,7340032,7
957,fwd,attention_column,ALLGATHER,58720256,0.001094,73.6436,8,2,1,4,TP,8,1,7340032,7
958,fwd,attention_row,REDUCESCATTER,58720256,0.001094,73.7090,8,2,1,4,TP,8,1,7340032,7
959,fwd,mlp_column,ALLGATHER,58720256,0.001094,73.7744,8,2,1,4,TP,8,1,7340032,7
960,fwd,mlp_row,REDUCESCATTER,58720256,0.001094,73.8398,8,2,1,4,TP,8,1,7340032,7
961,fwd,attention_column,ALLGATHER,58720256,0.001094,73.9052,8,2,1,4,TP,8,1,7340032,7
962,fwd,attention_row,REDUCESCATTER,58720256,0.001094,73.9706,8,2,1,4,TP,8,1,7340032,7
963,fwd,mlp_column,ALLGATHER,58720256,0.001094,74.0360,8,2,1,4,TP,8,1,7340032,7
964,fwd,mlp_row,REDUCESCATTER,58720256,0.001094,74.1013,8,2,1,4,TP,8,1,7340032,7
965,fwd,attention_column,ALLGATHER,58720256,0.001094,74.1667,8,2,1,4,TP,8,1,7340032,7
966,fwd,attention_row,REDUCESCATTER,58720256,0.001094,74.2321,8,2,1,4,TP,8,1,7340032,7
967,fwd,mlp_column,ALLGATHER,58720256,0.001094,74.2975,8,2,1,4,TP,8,1,7340032,7
968,fwd,mlp_row,REDUCESCATTER,58720256,0.001094,74.3629,8,2,1,4,TP,8,1,7340032,7
969,fwd,attention_column,ALLGATHER,58720256,0.001094,74.4283,8,2,1,4,TP,8,1,7340032,7
970,fwd,attention_row,REDUCESCATTER,58720256,0.001094,74.4937,8,2,1,4,TP,8,1,7340032,7
971,fwd,mlp_column,ALLGATHER,58720256,0.001094,74.5591,8,2,1,4,TP,8,1,7340032,7
972,fwd,mlp_row,REDUCESCATTER,58720256,0.001094,74.6245,8,2,1,4,TP,8,1,7340032,7
973,fwd,attention_column,ALLGATHER,58720256,0.001094,74.6899,8,2,1,4,TP,8,1,7340032,7
974,fwd,attention_row,REDUCESCATTER,58720256,0.001094,74.7553,8,2,1,4,TP,8,1,7340032,7
975,fwd,mlp_column,ALLGATHER,58720256,0.001094,74.8207,8,2,1,4,TP,8,1,7340032,7
976,fwd,mlp_row,REDUCESCATTER,58720256,0.001094,74.8861,8,2,1,4,TP,8,1,7340032,7
977,fwd,attention_column,ALLGATHER,58720256,0.001094,74.9515,8,2,1,4,TP,8,1,7340032,7
978,fwd,attention_row,REDUCESCATTER,58720256,0.001094,75.0169,8,2,1,4,TP,8,1,7340032,7
979,fwd,mlp_column,ALLGATHER,58720256,0.001094,75.0823,8,2,1,4,TP,8,1,7340032,7
980,fwd,mlp_row,REDUCESCATTER,58720256,0.001094,75.1477,8,2,1,4,TP,8,1,7340032,7
981,fwd,attention_column,ALLGATHER,58720256,0.001094,75.2131,8,2,1,4,TP,8,1,7340032,7
982,fwd,attention_row,REDUCESCATTER,58720256,0.001094,75.2785,8,2,1,4,TP,8,1,7340032,7
983,fwd,mlp_column,ALLGATHER,58720256,0.001094,75.3438,8,2,1,4,TP,8,1,7340032,7
984,fwd,mlp_row,REDUCESCATTER,58720256,0.001094,75.4092,8,2,1,4,TP,8,1,7340032,7
985,fwd,attention_column,ALLGATHER,58720256,0.001094,75.4746,8,2,1,4,TP,8,1,7340032,7
986,fwd,attention_row,REDUCESCATTER,58720256,0.001094,75.5400,8,2,1,4,TP,8,1,7340032,7
987,fwd,mlp_column,ALLGATHER,58720256,0.001094,75.6054,8,2,1,4,TP,8,1,7340032,7
988,fwd,mlp_row,REDUCESCATTER,58720256,0.001094,75.6708,8,2,1,4,TP,8,1,7340032,7
989,fwd,attention_column,ALLGATHER,58720256,0.001094,75.7362,8,2,1,4,TP,8,1,7340032,7
990,fwd,attention_row,REDUCESCATTER,58720256,0.001094,75.8016,8,2,1,4,TP,8,1,7340032,7
991,fwd,mlp_column,ALLGATHER,58720256,0.001094,75.8670,8,2,1,4,TP,8,1,7340032,7
992,fwd,mlp_row,REDUCESCATTER,58720256,0.001094,75.9324,8,2,1,4,TP,8,1,7340032,7
993,fwd,attention_column,ALLGATHER,58720256,0.001094,75.9978,8,2,1,4,TP,8,1,7340032,7
994,fwd,attention_row,REDUCESCATTER,58720256,0.001094,76.0632,8,2,1,4,TP,8,1,7340032,7
995,fwd,mlp_column,ALLGATHER,58720256,0.001094,76.1286,8,2,1,4,TP,8,1,7340032,7
996,fwd,mlp_row,REDUCESCATTER,58720256,0.001094,76.1940,8,2,1,4,TP,8,1,7340032,7
997,fwd,attention_column,ALLGATHER,58720256,0.001094,76.2594,8,2,1,4,TP,8,1,7340032,7
998,fwd,attention_row,REDUCESCATTER,58720256,0.001094,76.3248,8,2,1,4,TP,8,1,7340032,7
999,fwd,mlp_column,ALLGATHER,58720256,0.001094,76.3902,8,2,1,4,TP,8,1,7340032,7
1000,fwd,mlp_row,REDUCESCATTER,58720256,0.001094,76.4556,8,2,1,4,TP,8,1,7340032,7
1001,fwd,attention_column,ALLGATHER,58720256,0.001094,76.5209,8,2,1,4,TP,8,1,7340032,7
1002,fwd,attention_row,REDUCESCATTER,58720256,0.001094,76.5863,8,2,1,4,TP,8,1,7340032,7
1003,fwd,mlp_column,ALLGATHER,58720256,0.001094,76.6517,8,2,1,4,TP,8,1,7340032,7
1004,fwd,mlp_row,REDUCESCATTER,58720256,0.001094,76.7171,8,2,1,4,TP,8,1,7340032,7
1005,fwd,attention_column,ALLGATHER,58720256,0.001094,76.7825,8,2,1,4,TP,8,1,7340032,7
1006,fwd,attention_row,REDUCESCATTER,58720256,0.001094,76.8479,8,2,1,4,TP,8,1,7340032,7
1007,fwd,mlp_column,ALLGATHER,58720256,0.001094,76.9133,8,2,1,4,TP,8,1,7340032,7
1008,fwd,mlp_row,REDUCESCATTER,58720256,0.001094,76.9787,8,2,1,4,TP,8,1,7340032,7
1009,fwd,attention_column,ALLGATHER,58720256,0.001094,77.0441,8,2,1,4,TP,8,1,7340032,7
1010,fwd,attention_row,REDUCESCATTER,58720256,0.001094,77.1095,8,2,1,4,TP,8,1,7340032,7
1011,fwd,mlp_column,ALLGATHER,58720256,0.001094,77.1749,8,2,1,4,TP,8,1,7340032,7
1012,fwd,mlp_row,REDUCESCATTER,58720256,0.001094,77.2403,8,2,1,4,TP,8,1,7340032,7
1013,fwd,attention_column,ALLGATHER,58720256,0.001094,77.3057,8,2,1,4,TP,8,1,7340032,7
1014,fwd,attention_row,REDUCESCATTER,58720256,0.001094,77.3711,8,2,1,4,TP,8,1,7340032,7
1015,fwd,mlp_column,ALLGATHER,58720256,0.001094,77.4365,8,2,1,4,TP,8,1,7340032,7
1016,fwd,mlp_row,REDUCESCATTER,58720256,0.001094,77.5019,8,2,1,4,TP,8,1,7340032,7
1017,fwd,attention_column,ALLGATHER,58720256,0.001094,77.5673,8,2,1,4,TP,8,1,7340032,7
1018,fwd,attention_row,REDUCESCATTER,58720256,0.001094,77.6327,8,2,1,4,TP,8,1,7340032,7
1019,fwd,mlp_column,ALLGATHER,58720256,0.001094,77.6980,8,2,1,4,TP,8,1,7340032,7
1020,fwd,mlp_row,REDUCESCATTER,58720256,0.001094,77.7634,8,2,1,4,TP,8,1,7340032,7
1021,fwd,final_column,ALLGATHER,58720256,0.001094,77.8288,8,2,1,4,TP,8,1,7340032,7
1022,fwd,embedding_norm,ALLREDUCE,458752000,0.017090,78.8506,8,2,1,4,UNKNOWN,8,1,57344000,14
1023,fwd,attention_column,ALLGATHER,58720256,0.001094,78.9160,8,2,1,4,TP,8,1,7340032,7
1024,fwd,attention_row,REDUCESCATTER,58720256,0.001094,78.9814,8,2,1,4,TP,8,1,7340032,7
1025,fwd,mlp_column,ALLGATHER,58720256,0.001094,79.0468,8,2,1,4,TP,8,1,7340032,7
1026,fwd,mlp_row,REDUCESCATTER,58720256,0.001094,79.1122,8,2,1,4,TP,8,1,7340032,7
1027,fwd,attention_column,ALLGATHER,58720256,0.001094,79.1776,8,2,1,4,TP,8,1,7340032,7
1028,fwd,attention_row,REDUCESCATTER,58720256,0.001094,79.2430,8,2,1,4,TP,8,1,7340032,7
1029,fwd,mlp_column,ALLGATHER,58720256,0.001094,79.3084,8,2,1,4,TP,8,1,7340032,7
1030,fwd,mlp_row,REDUCESCATTER,58720256,0.001094,79.3738,8,2,1,4,TP,8,1,7340032,7
1031,fwd,attention_column,ALLGATHER,58720256,0.001094,79.4392,8,2,1,4,TP,8,1,7340032,7
1032,fwd,attention_row,REDUCESCATTER,58720256,0.001094,79.5046,8,2,1,4,TP,8,1,7340032,7
1033,fwd,mlp_column,ALLGATHER,58720256,0.001094,79.5700,8,2,1,4,TP,8,1,7340032,7
1034,fwd,mlp_row,REDUCESCATTER,58720256,0.001094,79.6354,8,2,1,4,TP,8,1,7340032,7
1035,fwd,attention_column,ALLGATHER,58720256,0.001094,79.7008,8,2,1,4,TP,8,1,7340032,7
1036,fwd,attention_row,REDUCESCATTER,58720256,0.001094,79.7662,8,2,1,4,TP,8,1,7340032,7
1037,fwd,mlp_column,ALLGATHER,58720256,0.001094,79.8315,8,2,1,4,TP,8,1,7340032,7
1038,fwd,mlp_row,REDUCESCATTER,58720256,0.001094,79.8969,8,2,1,4,TP,8,1,7340032,7
1039,fwd,attention_column,ALLGATHER,58720256,0.001094,79.9623,8,2,1,4,TP,8,1,7340032,7
1040,fwd,attention_row,REDUCESCATTER,58720256,0.001094,80.0277,8,2,1,4,TP,8,1,7340032,7
1041,fwd,mlp_column,ALLGATHER,58720256,0.001094,80.0931,8,2,1,4,TP,8,1,7340032,7
1042,fwd,mlp_row,REDUCESCATTER,58720256,0.001094,80.1585,8,2,1,4,TP,8,1,7340032,7
1043,fwd,attention_column,ALLGATHER,58720256,0.001094,80.2239,8,2,1,4,TP,8,1,7340032,7
1044,fwd,attention_row,REDUCESCATTER,58720256,0.001094,80.2893,8,2,1,4,TP,8,1,7340032,7
1045,fwd,mlp_column,ALLGATHER,58720256,0.001094,80.3547,8,2,1,4,TP,8,1,7340032,7
1046,fwd,mlp_row,REDUCESCATTER,58720256,0.001094,80.4201,8,2,1,4,TP,8,1,7340032,7
1047,fwd,attention_column,ALLGATHER,58720256,0.001094,80.4855,8,2,1,4,TP,8,1,7340032,7
1048,fwd,attention_row,REDUCESCATTER,58720256,0.001094,80.5509,8,2,1,4,TP,8,1,7340032,7
1049,fwd,mlp_column,ALLGATHER,58720256,0.001094,80.6163,8,2,1,4,TP,8,1,7340032,7
1050,fwd,mlp_row,REDUCESCATTER,58720256,0.001094,80.6817,8,2,1,4,TP,8,1,7340032,7
1051,fwd,attention_column,ALLGATHER,58720256,0.001094,80.7471,8,2,1,4,TP,8,1,7340032,7
1052,fwd,attention_row,REDUCESCATTER,58720256,0.001094,80.8125,8,2,1,4,TP,8,1,7340032,7
1053,fwd,mlp_column,ALLGATHER,58720256,0.001094,80.8779,8,2,1,4,TP,8,1,7340032,7
1054,fwd,mlp_row,REDUCESCATTER,58720256,0.001094,80.9433,8,2,1,4,TP,8,1,7340032,7
1055,fwd,attention_column,ALLGATHER,58720256,0.001094,81.0086,8,2,1,4,TP,8,1,7340032,7
1056,fwd,attention_row,REDUCESCATTER,58720256,0.001094,81.0740,8,2,1,4,TP,8,1,7340032,7
1057,fwd,mlp_column,ALLGATHER,58720256,0.001094,81.1394,8,2,1,4,TP,8,1,7340032,7
1058,fwd,mlp_row,REDUCESCATTER,58720256,0.001094,81.2048,8,2,1,4,TP,8,1,7340032,7
1059,fwd,attention_column,ALLGATHER,58720256,0.001094,81.2702,8,2,1,4,TP,8,1,7340032,7
1060,fwd,attention_row,REDUCESCATTER,58720256,0.001094,81.3356,8,2,1,4,TP,8,1,7340032,7
1061,fwd,mlp_column,ALLGATHER,58720256,0.001094,81.4010,8,2,1,4,TP,8,1,7340032,7
1062,fwd,mlp_row,REDUCESCATTER,58720256,0.001094,81.4664,8,2,1,4,TP,8,1,7340032,7
1063,fwd,attention_column,ALLGATHER,58720256,0.001094,81.5318,8,2,1,4,TP,8,1,7340032,7
1064,fwd,attention_row,REDUCESCATTER,58720256,0.001094,81.5972,8,2,1,4,TP,8,1,7340032,7
1065,fwd,mlp_column,ALLGATHER,58720256,0.001094,81.6626,8,2,1,4,TP,8,1,7340032,7
1066,fwd,mlp_row,REDUCESCATTER,58720256,0.001094,81.7280,8,2,1,4,TP,8,1,7340032,7
1067,fwd,attention_column,ALLGATHER,58720256,0.001094,81.7934,8,2,1,4,TP,8,1,7340032,7
1068,fwd,attention_row,REDUCESCATTER,58720256,0.001094,81.8588,8,2,1,4,TP,8,1,7340032,7
1069,fwd,mlp_column,ALLGATHER,58720256,0.001094,81.9242,8,2,1,4,TP,8,1,7340032,7
1070,fwd,mlp_row,REDUCESCATTER,58720256,0.001094,81.9896,8,2,1,4,TP,8,1,7340032,7
1071,fwd,attention_column,ALLGATHER,58720256,0.001094,82.0550,8,2,1,4,TP,8,1,7340032,7
1072,fwd,attention_row,REDUCESCATTER,58720256,0.001094,82.1204,8,2,1,4,TP,8,1,7340032,7
1073,fwd,mlp_column,ALLGATHER,58720256,0.001094,82.1858,8,2,1,4,TP,8,1,7340032,7
1074,fwd,mlp_row,REDUCESCATTER,58720256,0.001094,82.2511,8,2,1,4,TP,8,1,7340032,7
1075,fwd,attention_column,ALLGATHER,58720256,0.001094,82.3165,8,2,1,4,TP,8,1,7340032,7
1076,fwd,attention_row,REDUCESCATTER,58720256,0.001094,82.3819,8,2,1,4,TP,8,1,7340032,7
1077,fwd,mlp_column,ALLGATHER,58720256,0.001094,82.4473,8,2,1,4,TP,8,1,7340032,7
1078,fwd,mlp_row,REDUCESCATTER,58720256,0.001094,82.5127,8,2,1,4,TP,8,1,7340032,7
1079,fwd,attention_column,ALLGATHER,58720256,0.001094,82.5781,8,2,1,4,TP,8,1,7340032,7
1080,fwd,attention_row,REDUCESCATTER,58720256,0.001094,82.6435,8,2,1,4,TP,8,1,7340032,7
1081,fwd,mlp_column,ALLGATHER,58720256,0.001094,82.7089,8,2,1,4,TP,8,1,7340032,7
1082,fwd,mlp_row,REDUCESCATTER,58720256,0.001094,82.7743,8,2,1,4,TP,8,1,7340032,7
1083,fwd,attention_column,ALLGATHER,58720256,0.001094,82.8397,8,2,1,4,TP,8,1,7340032,7
1084,fwd,attention_row,REDUCESCATTER,58720256,0.001094,82.9051,8,2,1,4,TP,8,1,7340032,7
1085,fwd,mlp_column,ALLGATHER,58720256,0.001094,82.9705,8,2,1,4,TP,8,1,7340032,7
1086,fwd,mlp_row,REDUCESCATTER,58720256,0.001094,83.0359,8,2,1,4,TP,8,1,7340032,7
1087,fwd,attention_column,ALLGATHER,58720256,0.001094,83.1013,8,2,1,4,TP,8,1,7340032,7
1088,fwd,attention_row,REDUCESCATTER,58720256,0.001094,83.1667,8,2,1,4,TP,8,1,7340032,7
1089,fwd,mlp_column,ALLGATHER,58720256,0.001094,83.2321,8,2,1,4,TP,8,1,7340032,7
1090,fwd,mlp_row,REDUCESCATTER,58720256,0.001094,83.2975,8,2,1,4,TP,8,1,7340032,7
1091,fwd,attention_column,ALLGATHER,58720256,0.001094,83.3629,8,2,1,4,TP,8,1,7340032,7
1092,fwd,attention_row,REDUCESCATTER,58720256,0.001094,83.4282,8,2,1,4,TP,8,1,7340032,7
1093,fwd,mlp_column,ALLGATHER,58720256,0.001094,83.4936,8,2,1,4,TP,8,1,7340032,7
1094,fwd,mlp_row,REDUCESCATTER,58720256,0.001094,83.5590,8,2,1,4,TP,8,1,7340032,7
1095,fwd,attention_column,ALLGATHER,58720256,0.001094,83.6244,8,2,1,4,TP,8,1,7340032,7
1096,fwd,attention_row,REDUCESCATTER,58720256,0.001094,83.6898,8,2,1,4,TP,8,1,7340032,7
1097,fwd,mlp_column,ALLGATHER,58720256,0.001094,83.7552,8,2,1,4,TP,8,1,7340032,7
1098,fwd,mlp_row,REDUCESCATTER,58720256,0.001094,83.8206,8,2,1,4,TP,8,1,7340032,7
1099,fwd,attention_column,ALLGATHER,58720256,0.001094,83.8860,8,2,1,4,TP,8,1,7340032,7
1100,fwd,attention_row,REDUCESCATTER,58720256,0.001094,83.9514,8,2,1,4,TP,8,1,7340032,7
1101,fwd,mlp_column,ALLGATHER,58720256,0.001094,84.0168,8,2,1,4,TP,8,1,7340032,7
1102,fwd,mlp_row,REDUCESCATTER,58720256,0.001094,84.0822,8,2,1,4,TP,8,1,7340032,7
1103,fwd,attention_column,ALLGATHER,58720256,0.001094,84.1476,8,2,1,4,TP,8,1,7340032,7
1104,fwd,attention_row,REDUCESCATTER,58720256,0.001094,84.2130,8,2,1,4,TP,8,1,7340032,7
1105,fwd,mlp_column,ALLGATHER,58720256,0.001094,84.2784,8,2,1,4,TP,8,1,7340032,7
1106,fwd,mlp_row,REDUCESCATTER,58720256,0.001094,84.3438,8,2,1,4,TP,8,1,7340032,7
1107,fwd,attention_column,ALLGATHER,58720256,0.001094,84.4092,8,2,1,4,TP,8,1,7340032,7
1108,fwd,attention_row,REDUCESCATTER,58720256,0.001094,84.4746,8,2,1,4,TP,8,1,7340032,7
1109,fwd,mlp_column,ALLGATHER,58720256,0.001094,84.5400,8,2,1,4,TP,8,1,7340032,7
1110,fwd,mlp_row,REDUCESCATTER,58720256,0.001094,84.6053,8,2,1,4,TP,8,1,7340032,7
1111,fwd,attention_column,ALLGATHER,58720256,0.001094,84.6707,8,2,1,4,TP,8,1,7340032,7
1112,fwd,attention_row,REDUCESCATTER,58720256,0.001094,84.7361,8,2,1,4,TP,8,1,7340032,7
1113,fwd,mlp_column,ALLGATHER,58720256,0.001094,84.8015,8,2,1,4,TP,8,1,7340032,7
1114,fwd,mlp_row,REDUCESCATTER,58720256,0.001094,84.8669,8,2,1,4,TP,8,1,7340032,7
1115,fwd,attention_column,ALLGATHER,58720256,0.001094,84.9323,8,2,1,4,TP,8,1,7340032,7
1116,fwd,attention_row,REDUCESCATTER,58720256,0.001094,84.9977,8,2,1,4,TP,8,1,7340032,7
1117,fwd,mlp_column,ALLGATHER,58720256,0.001094,85.0631,8,2,1,4,TP,8,1,7340032,7
1118,fwd,mlp_row,REDUCESCATTER,58720256,0.001094,85.1285,8,2,1,4,TP,8,1,7340032,7
1119,fwd,attention_column,ALLGATHER,58720256,0.001094,85.1939,8,2,1,4,TP,8,1,7340032,7
1120,fwd,attention_row,REDUCESCATTER,58720256,0.001094,85.2593,8,2,1,4,TP,8,1,7340032,7
1121,fwd,mlp_column,ALLGATHER,58720256,0.001094,85.3247,8,2,1,4,TP,8,1,7340032,7
1122,fwd,mlp_row,REDUCESCATTER,58720256,0.001094,85.3901,8,2,1,4,TP,8,1,7340032,7
1123,fwd,attention_column,ALLGATHER,58720256,0.001094,85.4555,8,2,1,4,TP,8,1,7340032,7
1124,fwd,attention_row,REDUCESCATTER,58720256,0.001094,85.5209,8,2,1,4,TP,8,1,7340032,7
1125,fwd,mlp_column,ALLGATHER,58720256,0.001094,85.5863,8,2,1,4,TP,8,1,7340032,7
1126,fwd,mlp_row,REDUCESCATTER,58720256,0.001094,85.6517,8,2,1,4,TP,8,1,7340032,7
1127,fwd,attention_column,ALLGATHER,58720256,0.001094,85.7171,8,2,1,4,TP,8,1,7340032,7
1128,fwd,attention_row,REDUCESCATTER,58720256,0.001094,85.7825,8,2,1,4,TP,8,1,7340032,7
1129,fwd,mlp_column,ALLGATHER,58720256,0.001094,85.8478,8,2,1,4,TP,8,1,7340032,7
1130,fwd,mlp_row,REDUCESCATTER,58720256,0.001094,85.9132,8,2,1,4,TP,8,1,7340032,7
1131,fwd,attention_column,ALLGATHER,58720256,0.001094,85.9786,8,2,1,4,TP,8,1,7340032,7
1132,fwd,attention_row,REDUCESCATTER,58720256,0.001094,86.0440,8,2,1,4,TP,8,1,7340032,7
1133,fwd,mlp_column,ALLGATHER,58720256,0.001094,86.1094,8,2,1,4,TP,8,1,7340032,7
1134,fwd,mlp_row,REDUCESCATTER,58720256,0.001094,86.1748,8,2,1,4,TP,8,1,7340032,7
1135,fwd,attention_column,ALLGATHER,58720256,0.001094,86.2402,8,2,1,4,TP,8,1,7340032,7
1136,fwd,attention_row,REDUCESCATTER,58720256,0.001094,86.3056,8,2,1,4,TP,8,1,7340032,7
1137,fwd,mlp_column,ALLGATHER,58720256,0.001094,86.3710,8,2,1,4,TP,8,1,7340032,7
1138,fwd,mlp_row,REDUCESCATTER,58720256,0.001094,86.4364,8,2,1,4,TP,8,1,7340032,7
1139,fwd,attention_column,ALLGATHER,58720256,0.001094,86.5018,8,2,1,4,TP,8,1,7340032,7
1140,fwd,attention_row,REDUCESCATTER,58720256,0.001094,86.5672,8,2,1,4,TP,8,1,7340032,7
1141,fwd,mlp_column,ALLGATHER,58720256,0.001094,86.6326,8,2,1,4,TP,8,1,7340032,7
1142,fwd,mlp_row,REDUCESCATTER,58720256,0.001094,86.6980,8,2,1,4,TP,8,1,7340032,7
1143,fwd,attention_column,ALLGATHER,58720256,0.001094,86.7634,8,2,1,4,TP,8,1,7340032,7
1144,fwd,attention_row,REDUCESCATTER,58720256,0.001094,86.8288,8,2,1,4,TP,8,1,7340032,7
1145,fwd,mlp_column,ALLGATHER,58720256,0.001094,86.8942,8,2,1,4,TP,8,1,7340032,7
1146,fwd,mlp_row,REDUCESCATTER,58720256,0.001094,86.9596,8,2,1,4,TP,8,1,7340032,7
1147,fwd,attention_column,ALLGATHER,58720256,0.001094,87.0249,8,2,1,4,TP,8,1,7340032,7
1148,fwd,attention_row,REDUCESCATTER,58720256,0.001094,87.0903,8,2,1,4,TP,8,1,7340032,7
1149,fwd,mlp_column,ALLGATHER,58720256,0.001094,87.1557,8,2,1,4,TP,8,1,7340032,7
1150,fwd,mlp_row,REDUCESCATTER,58720256,0.001094,87.2211,8,2,1,4,TP,8,1,7340032,7
1151,fwd,attention_column,ALLGATHER,58720256,0.001094,87.2865,8,2,1,4,TP,8,1,7340032,7
1152,fwd,attention_row,REDUCESCATTER,58720256,0.001094,87.3519,8,2,1,4,TP,8,1,7340032,7
1153,fwd,mlp_column,ALLGATHER,58720256,0.001094,87.4173,8,2,1,4,TP,8,1,7340032,7
1154,fwd,mlp_row,REDUCESCATTER,58720256,0.001094,87.4827,8,2,1,4,TP,8,1,7340032,7
1155,fwd,attention_column,ALLGATHER,58720256,0.001094,87.5481,8,2,1,4,TP,8,1,7340032,7
1156,fwd,attention_row,REDUCESCATTER,58720256,0.001094,87.6135,8,2,1,4,TP,8,1,7340032,7
1157,fwd,mlp_column,ALLGATHER,58720256,0.001094,87.6789,8,2,1,4,TP,8,1,7340032,7
1158,fwd,mlp_row,REDUCESCATTER,58720256,0.001094,87.7443,8,2,1,4,TP,8,1,7340032,7
1159,fwd,attention_column,ALLGATHER,58720256,0.001094,87.8097,8,2,1,4,TP,8,1,7340032,7
1160,fwd,attention_row,REDUCESCATTER,58720256,0.001094,87.8751,8,2,1,4,TP,8,1,7340032,7
1161,fwd,mlp_column,ALLGATHER,58720256,0.001094,87.9405,8,2,1,4,TP,8,1,7340032,7
1162,fwd,mlp_row,REDUCESCATTER,58720256,0.001094,88.0059,8,2,1,4,TP,8,1,7340032,7
1163,fwd,attention_column,ALLGATHER,58720256,0.001094,88.0713,8,2,1,4,TP,8,1,7340032,7
1164,fwd,attention_row,REDUCESCATTER,58720256,0.001094,88.1367,8,2,1,4,TP,8,1,7340032,7
1165,fwd,mlp_column,ALLGATHER,58720256,0.001094,88.2020,8,2,1,4,TP,8,1,7340032,7
1166,fwd,mlp_row,REDUCESCATTER,58720256,0.001094,88.2674,8,2,1,4,TP,8,1,7340032,7
1167,fwd,final_column,ALLGATHER,58720256,0.001094,88.3328,8,2,1,4,TP,8,1,7340032,7
1168,fwd,embedding_norm,ALLREDUCE,458752000,0.017090,89.3546,8,2,1,4,UNKNOWN,8,1,57344000,14
1169,fwd,cross_entropy1,ALLREDUCE,16384,0.000001,89.3547,8,2,1,4,TP,8,1,2048,14
1170,fwd,cross_entropy2,ALLREDUCE,16384,0.000001,89.3547,8,2,1,4,TP,8,1,2048,14
1171,fwd,cross_entropy3,ALLREDUCE,16384,0.000001,89.3547,8,2,1,4,TP,8,1,2048,14
1172,fwd,optimizer1,ALLREDUCE,4,0.000000,89.3547,8,2,1,4,TP,8,1,0,14
1173,fwd,optimizer2,ALLREDUCE,4,0.000000,89.3547,8,2,1,4,TP,8,1,0,14
1174,fwd,optimizer3,ALLREDUCE,4,0.000000,89.3547,8,2,1,4,TP,8,1,0,14
1175,fwd,optimizer4,ALLREDUCE,4,0.000000,89.3547,8,2,1,4,TP,8,1,0,14
1176,dp,grad_norm,REDUCESCATTER,9558786048,0.178046,100.0000,8,2,1,4,DP,4,1,2389696512,3
